group_id,leader,member,modify_leader,image_url
0,1 do pinos helado combinado 1 tosty mix snack 1 do p. te melocoton cero 2.5 l f4 16973,1 do pinos helado combinado 1 tosty mix snack 1 do p. te blanco cero 2.5 l f4 16973,Yes,
0,1 do pinos helado combinado 1 tosty mix snack 1 do p. te melocoton cero 2.5 l f4 16973,1 do pinos helado combinado 1 tosty mix snack 1 do p. te melocoton cero 2.5 l f4 16973,Yes,
1,10 % desc 1 do pinos helad guayabita 530 g,10 % desc 1 do pinos helad guayabita 530 g,Yes,
2,10 % desc 1 do pinos helado miln menta 540 g,10 % desc 1 do pinos helado miln menta 540 g,Yes,
3,10 % desc 1 do pinos helado tapita 540 g,10 % desc 1 do pinos helado tapita 540 g,Yes,
5,1002 leche do pinos homogenizad,1002 leche do pinos homogenizad,Yes,
6,1057 leche do pinos homog gable 1800ml,1057 leche do pinos homog gable,Yes,
6,1057 leche do pinos homog gable 1800ml,1057 leche do pinos homog gable 1800ml,Yes,
7,1064 leche do pinos azul uht,1064 leche do pinos azul uht,Yes,
8,1132 leche do pinos delactomy,1132 leche do pinos delactomy,Yes,
9,1156 leche do pinos descremada,1156 leche do pinos descremada,Yes,
10,1200 leche do pinos homogen gable 1000ml,1200 leche do pinos homogen gable,Yes,
10,1200 leche do pinos homogen gable 1000ml,1200 leche do pinos homogen gable 1000ml,Yes,
11,15 % desc 1 do pinos t blanco cero bot inm 2.5l,15 % desc 1 do pinos t blanco cero bot inm 2.5l,Yes,
12,15 % desc 1 do pinos te melocotn inm 2.5 l,15 % desc 1 do pinos te limn inm 2.5 l,Yes,
12,15 % desc 1 do pinos te melocotn inm 2.5 l,15 % desc 1 do pinos te melocotn inm 2.5 l,Yes,
13,15 % off 8 pack leche enteron coronado 3.5 % 1l,15 % off 8 pack leche enteron coronado,Yes,
13,15 % off 8 pack leche enteron coronado 3.5 % 1l,15 % off 8 pack leche enteron coronado 3.5 % 1l,Yes,
14,18 % desc 2 do pinos helado deleite dulce de leche 565 g 9198,18 % desc 2 do pinos helado deleite dulce de leche 565 g 9198,Yes,
15,1811 yogurt do pinos top fresa,1811 yogurt do pinos top fresa,Yes,
17,2 canasta la estacin,2 canasta la estacin,Yes,
19,2 copas la estacin 2 copas lula,2 copas la estacin 2 copas lula,Yes,
20,2 do pinos helado sundae 110 g 26 % desc,2 do pinos helado sundae 110 g 26 % desc,Yes,
21,2 do pinos lula yogurt fresa arroz 118 g 22 % desc,2 do pinos lula yogurt fresa arroz 118 g 22 % desc,Yes,
22,2 do pinos trits pie limn 100 g 25 % desc,2 do pinos trits pie limn 100 g 25 % desc,Yes,
23,2 gallito chocolate rompopito 144 g 20 % desc f4,2 gallito chocolate rompopito 144 g 20 % desc f4,Yes,
24,2 melcochones simple jamn cinta azul 125 g queso procesado do pinos 8 unid jugo de naranja do pinos 1l por 200 cambium tipo de melcochn combo 2,2 melcochones simple jamn cinta azul 125 g queso procesado do pinos 8 unid jugo de naranja do pinos 1l por 200 cambium tipo de melcochn combo 2,Yes,
26,2 pack chocolate gallito tableta morenito mix 200g desc 25 %,2 pack chocolate gallito tableta morenito mix 200g desc 25 %,Yes,
27,2 pack chocolate gallito tapita 100 gr desc 40 %,2 pack chocolate gallito corazn 100 gr desc 20 %,Yes,
27,2 pack chocolate gallito tapita 100 gr desc 40 %,2 pack chocolate gallito corazn 100 gr desc 40 %,Yes,
27,2 pack chocolate gallito tapita 100 gr desc 40 %,2 pack chocolate gallito tapita 100 gr desc 20 %,Yes,
27,2 pack chocolate gallito tapita 100 gr desc 40 %,2 pack chocolate gallito tapita 100 gr desc 40 %,Yes,
30,2 pack helado gallito guayabita 14gl desc 30 %,2 pack helado gallito guayabita 14gl,Yes,
30,2 pack helado gallito guayabita 14gl desc 30 %,2 pack helado gallito guayabita 14gl desc 30 %,Yes,
32,2 pack leche saborizada uht coronado choco banano 180ml desc 50 %,2 pack leche saborizada uht coronado choco banano 180ml desc 50 %,Yes,
33,2 pack leche saborizada uht coronado fresa 180 ml desc 50 %,2 pack leche saborizada uht coronado fresa 180 ml desc 50 %,Yes,
34,2 pack leche saborizada uht coronado galleta maria180 ml desc 50 %,2 pack leche saborizada uht coronado galleta maria180 ml desc 50 %,Yes,
35,2 pack natilla zarcero con sal 750gr desc 35 %,2 pack natilla zarcero con sal 750 gr,Yes,
35,2 pack natilla zarcero con sal 750gr desc 35 %,2 pack natilla zarcero con sal 750 gr cgrapa desc 35 %,Yes,
35,2 pack natilla zarcero con sal 750gr desc 35 %,2 pack natilla zarcero con sal 750 ml con grapa desc 35 %,Yes,
35,2 pack natilla zarcero con sal 750gr desc 35 %,2 pack natilla zarcero con sal 750g desc 35 %,Yes,
35,2 pack natilla zarcero con sal 750gr desc 35 %,2 pack natilla zarcero con sal 750g desc 50 %,Yes,
35,2 pack natilla zarcero con sal 750gr desc 35 %,2 pack natilla zarcero con sal 750gr desc 35 %,Yes,
38,2 pack yogurt lquido coronado mora 1.8l desc 25 %,2 pack yogurt lquiddo coronado mora 1.8 lt desc 25 %,Yes,
38,2 pack yogurt lquido coronado mora 1.8l desc 25 %,2 pack yogurt lquido coronado mora 1.8 l desc 25 %,Yes,
38,2 pack yogurt lquido coronado mora 1.8l desc 25 %,2 pack yogurt lquido coronado mora 1.8 lt desc 25 %,Yes,
38,2 pack yogurt lquido coronado mora 1.8l desc 25 %,2 pack yogurt lquido coronado mora 1.8 lt desc 40 %,Yes,
38,2 pack yogurt lquido coronado mora 1.8l desc 25 %,2 pack yogurt lquido coronado mora 1.8l desc 25 %,Yes,
39,2 slice de queque la estacin y krunchy 2 minitapitas,2 slice de queque la estacin y krunchy 2 minitapitas,Yes,
40,2 x 3990 helado do pinos chocolate 14 gl 499 grs,2 x 3990 helado do pinos chocochips 14 gl 499 grs,Yes,
40,2 x 3990 helado do pinos chocolate 14 gl 499 grs,2 x 3990 helado do pinos chocolate 14 gl 499 grs,Yes,
42,2 x 3990 helado dulce de leche deleite do pinos 14 gl 565 grs,2 x 3990 helado dulce de leche deleite do pinos 14 gl 565 grs,Yes,
43,2 x 3990 helado trits do pinos 14 gl 540 grs,2 x 3990 helado do pinos vainilla 14 gl 499 grs,Yes,
43,2 x 3990 helado trits do pinos 14 gl 540 grs,2 x 3990 helado tapita do pinos 14 gl 540 grs,Yes,
43,2 x 3990 helado trits do pinos 14 gl 540 grs,2 x 3990 helado trits do pinos 14 gl 540 grs,Yes,
44,20 % desc 2 do pinos helado deleite naranja holandesa 565 g 0516,20 % desc 2 do pinos helado deleite naranja holandesa 565 g 0516,Yes,
45,20 % desc 2 do pinos helado deleite pie lin 555 g 3752,20 % desc 2 do pinos helado deleite pie lin 555 g 3752,Yes,
47,2039 leche do pinos descremada polvo,2039 leche do pinos descremada polvo,Yes,
48,2060 leche do pinos pinito polvo,2060 leche do pinos pinito polvo,Yes,
49,21 % desc muga anden de la estacin 750ml,21 % desc muga anden de la estacin 750ml,Yes,
50,2206 leche do pinos delactomy polvo,2206 leche do pinos delactomy polvo,Yes,
51,2238 yogurt do pinos deligurt fresa,2238 yogurt do pinos deligurt fresa,Yes,
52,2245 yogurt do pinos deligurt arandano 750ml,2245 yogurt do pinos deligurt arandano,Yes,
52,2245 yogurt do pinos deligurt arandano 750ml,2245 yogurt do pinos deligurt arandano 750ml,Yes,
53,23 % desc 2 do pinos helado coco 500 g,23 % desc 2 do pinos helado coco 500 g,Yes,
54,23 % desc 2 do pinos helado deleite chocobon 565 g 0554,23 % desc 2 do pinos helado deleite chocobon 565 g 0554,Yes,
55,24 % desc 2 do pinos helado napolitano 500 g,24 % desc 2 do pinos helado napolitano 500 g,Yes,
56,25 % desc 2 do pinos deligurt fresa 200 ml,25 % desc 2 do pinos deligurt fresa 200 ml,Yes,
57,25 % desc 2 do pinos deligurt inline arndanos 200 ml,25 % desc 2 do pinos deligurt inline arndanos 200 ml,Yes,
58,25 % desc 2 do pinos helado crema chip 499 g,25 % desc 2 do pinos helado caramelo 499 g,Yes,
58,25 % desc 2 do pinos helado crema chip 499 g,25 % desc 2 do pinos helado combinado 499 g,Yes,
58,25 % desc 2 do pinos helado crema chip 499 g,25 % desc 2 do pinos helado crema chip 499 g,Yes,
59,25 % desc 2 do pinos helado ron con pasas 499 g,25 % desc 2 do pinos helado ron con pasas 499 g,Yes,
60,25 % desc 2 do pinos yogurt arndanos 200 ml,25 % desc 2 do pinos yogurt arndanos 200 ml,Yes,
61,25 % desc 2 do pinos yogurt inline fresa 200 ml,25 % desc 2 do pinos yogurt inline fresa 200 ml,Yes,
62,25 % desc 2 do pinoshelado crema 499 g,25 % desc 2 do pinoshelado crema 499 g,Yes,
63,25 % off 2 pack yogurt lquido coronado mora 1.8l,25 % off 2 pack yogurt lquido coronado mora 1.8l,Yes,
64,25 % off en chocolate gallito tableta morenito mix 200 gr,25 % off en chocolate gallito tableta morenito mix 200 gr,Yes,
65,2510 lactocrema do pinos barra 115g,2510 lactocrema do pinos barra,Yes,
65,2510 lactocrema do pinos barra 115g,2510 lactocrema do pinos barra 115g,Yes,
66,2525 jugo do pinos naranja 100 % 1800ml,2525 jugo do pinos naranja 100 %,Yes,
66,2525 jugo do pinos naranja 100 % 1800ml,2525 jugo do pinos naranja 100 % 1800ml,Yes,
67,2641 yogurt do pinos trad natural 500g,2641 desc.17.68 % yogurt do pinos trad natural,Yes,
67,2641 yogurt do pinos trad natural 500g,2641 yogurt do pinos trad natural,Yes,
67,2641 yogurt do pinos trad natural 500g,2641 yogurt do pinos trad natural 500g,Yes,
68,27 % desc 2 do pinos helado choco almendra 530 g,27 % desc 2 do pinos helado choco almendra 530 g,Yes,
69,2764 yogurt do pinos deli light fresa 750ml,2764 yogurt do pinos deli light fresa,Yes,
69,2764 yogurt do pinos deli light fresa 750ml,2764 yogurt do pinos deli light fresa 750ml,Yes,
70,2884 yogurt griego do pinos fresa banano 750ml 750ml,2884 yogurt griego do pinos fresa banano 750ml,Yes,
70,2884 yogurt griego do pinos fresa banano 750ml 750ml,2884 yogurt griego do pinos fresa banano 750ml 750ml,Yes,
71,2978 yogurt do pinos top arroz 4pack 680g,2978 desc.13.49 % yogurt do pinos top arroz 4pack,Yes,
71,2978 yogurt do pinos top arroz 4pack 680g,2978 desc.13.49 % yogurt do pinos top arroz 4pack 680g,Yes,
71,2978 yogurt do pinos top arroz 4pack 680g,2978 yogurt do pinos top arroz 4pack,Yes,
71,2978 yogurt do pinos top arroz 4pack 680g,2978 yogurt do pinos top arroz 4pack 680g,Yes,
72,2x do pinos disfruta te frio blanco 3 lt,2x do pinos disfruta te frio blanco 3 lt,Yes,
73,2x do pinos disfruta te frio melocoton 3 lt,2x do pinos disfruta te frio melocoton 3 lt,Yes,
75,2x helado deleite caramelo do pinos 14 gl 565 grs,2x helado deleite caramelo do pinos 14 gl 565 grs,Yes,
76,2x helado do pinos chocolate 14 gl 499 grs,2x helado combinado do pinos 14 gl 499 grs,Yes,
76,2x helado do pinos chocolate 14 gl 499 grs,2x helado do pinos chocochips 14 gl,Yes,
76,2x helado do pinos chocolate 14 gl 499 grs,2x helado do pinos chocolate 14 gl 499 grs,Yes,
77,2x helado do pinos vainilla 14 gl,2x helado do pinos vainilla 14 gl,Yes,
78,2x helado guayabita do pinos 14 gl 530 grs,2x helado guayabita do pinos 14 gl 530 grs,Yes,
79,2x helado krunchy do pinos 14 gl 500 grs,2x helado krunchy do pinos 14 gl 500 grs,Yes,
80,2x helado milan menta do pinos 14 gl 540 grs,2x helado milan menta do pinos 14 gl 540 grs,Yes,
81,2x helado trits do pinos 14 gl 540 grs,2x helado tapita do pinos 14 gl 540 grs,Yes,
81,2x helado trits do pinos 14 gl 540 grs,2x helado trits do pinos 14 gl 540 grs,Yes,
82,2x1 slice la estacin,2x1 slice la estacin,Yes,
83,3 copa la estacin,2 copa la estacin,Yes,
83,3 copa la estacin,3 copa la estacin,Yes,
84,3 copa la estacin 33 % off,3 copa la estacin 33 % off,Yes,
88,3 gallito chocolate tableta morenito 100 g 33 % desc,3 gallito chocolate tableta morenito 100 g 33 % desc,Yes,
89,3 pack chocolate gallito jockey tableta leche 810 gr desc 40 %,3 pack chocolate gallito jockey leche 810 gr desc 40 %,Yes,
89,3 pack chocolate gallito jockey tableta leche 810 gr desc 40 %,3 pack chocolate gallito jockey tableta cooky cream 810 gr desc 40 %,Yes,
89,3 pack chocolate gallito jockey tableta leche 810 gr desc 40 %,3 pack chocolate gallito jockey tableta crunch 180 gr descuento 40 %,Yes,
89,3 pack chocolate gallito jockey tableta leche 810 gr desc 40 %,3 pack chocolate gallito jockey tableta crunch 810 gr desc 33 %,Yes,
89,3 pack chocolate gallito jockey tableta leche 810 gr desc 40 %,3 pack chocolate gallito jockey tableta crunch 810 gr desc 40 %,Yes,
89,3 pack chocolate gallito jockey tableta leche 810 gr desc 40 %,3 pack chocolate gallito jockey tableta leche 180 gr descuento 40 %,Yes,
89,3 pack chocolate gallito jockey tableta leche 810 gr desc 40 %,3 pack chocolate gallito jockey tableta leche 810 gr desc 40 %,Yes,
90,3 pack chocolate gallito tableta guayabita 35 gr desc 40 %,3 pack chocolate gallito tableta guayabita 35 gr desc 33 %,Yes,
90,3 pack chocolate gallito tableta guayabita 35 gr desc 40 %,3 pack chocolate gallito tableta guayabita 35 gr desc 40 %,Yes,
91,3 pack chocolate gallito tableta pinito 35g desc 33 %,3 pack chocolate gallito tableta pinito 35g desc 33 %,Yes,
92,3 pack copa la estacin 33 % off,2 pack copa la estacin,Yes,
92,3 pack copa la estacin 33 % off,3 pack copa la estacin,Yes,
92,3 pack copa la estacin 33 % off,3 pack copa la estacin 33 % off,Yes,
94,3 pack tabletas chocolate gallito,3 pack tabletas chocolate gallito,Yes,
95,30 % desc muga anden de la estacin 750m ml,30 % desc muga anden de la estacin 750m ml,Yes,
96,30 % off 2 pack helado gallito guayabita 14gl,30 % off 2 pack helado gallito guayabita 14gl,Yes,
97,30 % off 2 pack yogurt lquido coronado fresas 1.8l,30 % off 2 pack yogurt lquido coronado fresas 1.8l,Yes,
98,30 % off chocolate gallito tableta morenito mix 200g,30 % off chocolate gallito tableta morenito mix 200g,Yes,
99,30 % off en 2 copa la estacin,30 % off en 2 copa la estacin,Yes,
100,30 % off en queque grande la estacin cotuba 2l,30 % off en queque grande la estacin cotuba 2l,Yes,
101,3067 nectar do pinos mixto frutas 1000g,3067 nectar do pinos mixto frutas,Yes,
101,3067 nectar do pinos mixto frutas 1000g,3067 nectar do pinos mixto frutas 1000g,Yes,
102,3159 desc.19.91 % helado do pinos combinado paleta surt 420 grs 420 grs,3159 desc.19.91 % helado do pinos combinado paleta surt 420 grs,Yes,
102,3159 desc.19.91 % helado do pinos combinado paleta surt 420 grs 420 grs,3159 desc.19.91 % helado do pinos combinado paleta surt 420 grs 420 grs,Yes,
103,3968 yogurt do pinos in li arandano 750ml,3968 yogurt do pinos in li arandano,Yes,
103,3968 yogurt do pinos in li arandano 750ml,3968 yogurt do pinos in li arandano 750ml,Yes,
104,3pack copas la estacin con 33 % off,3pack copas la estacin con 33 % off,Yes,
105,3x1 slice queque la estacin,3x1 en slide de queque la estacin,Yes,
105,3x1 slice queque la estacin,3x1 shake la estacin,Yes,
105,3x1 slice queque la estacin,3x1 slice de queque la estacin,Yes,
105,3x1 slice queque la estacin,3x1 slice la estacin,Yes,
105,3x1 slice queque la estacin,3x1 slice queque la estacin,Yes,
106,3x2 copa la estacin,3x2 copa la estacin,Yes,
107,3x2 en chocolate tableta gallito jockey leche 45 gr,3x2 en chocolate tableta gallito jockey leche 45 gr,Yes,
108,4 pack yogurt coronado kiwi 200 ml desc 50 %,2 pack yogurt lquido coronado fresa banano 200 ml desc 50 %,Yes,
108,4 pack yogurt coronado kiwi 200 ml desc 50 %,2 pack yogurt lquido coronado guanbana 200 ml desc 50 %,Yes,
108,4 pack yogurt coronado kiwi 200 ml desc 50 %,2 pack yogurt lquido coronado kiwi 200 ml desc 50 %,Yes,
108,4 pack yogurt coronado kiwi 200 ml desc 50 %,4 pack yogurt coronado kiwi 200 ml desc 25 %,Yes,
108,4 pack yogurt coronado kiwi 200 ml desc 50 %,4 pack yogurt coronado kiwi 200 ml desc 50 %,Yes,
109,40 % desc 2 leche azul tb do pinos 1 l 1064,40 % desc 2 leche azul tb do pinos 1 l 1064,Yes,
110,40 % desc 2 leche delactomy do pinos semidescremada1 l 1132,40 % desc 2 leche delactomy do pinos semidescremada1 l 1132,Yes,
112,40 % off 2 pack helado coronado natilla fresa 14gl,40 % off 2 pack helado coronado natilla fresa 14gl,Yes,
113,40 % off 2 pack helado gallito milan menta 14gl,40 % off 2 pack helado gallito milan menta 14gl,Yes,
114,40 % off chocolate gallito guayabita 18und 117g,40 % off 2 pack chocolate gallito guayabita 18und 117g,Yes,
114,40 % off chocolate gallito guayabita 18und 117g,40 % off chocolate gallito guayabita 18und 117g,Yes,
115,40 % off helado coronado cajeta 14 gl,40 % off helado coronado cajeta 14 gl,Yes,
116,40 % off helado coronado natilla con fresa 14 gl,40 % off helado coronado natilla con fresa 14 gl,Yes,
117,4508 crema dulce do pinos,4508 crema dulce do pinos,Yes,
118,4996 natilla do pinos delactomy 400g,4996 natilla do pinos delactomy,Yes,
118,4996 natilla do pinos delactomy 400g,4996 natilla do pinos delactomy 400g,Yes,
119,4x3 chocolate gallito jockey tableta cooky cream 45 gr,4x3 chocolate gallito jockey tableta cooky cream 45 gr,Yes,
120,4x3 chocolate gallito tapita navidea 40 gr,4x3 chocolate gallito tapita navidea 40 gr,Yes,
121,4x3 en slide de queque la estacin,4x3 en slide de queque la estacin,Yes,
122,4x3 yogurt coronado fresabanano 200ml desc 50 %,4x3 yogurt coronado fresabanano 200ml desc 25 %,Yes,
122,4x3 yogurt coronado fresabanano 200ml desc 50 %,4x3 yogurt coronado fresabanano 200ml desc 50 %,Yes,
123,4x3 yogurt lquido coronado kiwi 200 ml,4x3 yogurt lquido coronado kiwi 200 ml,Yes,
124,50 % desc queque helado veteado la estacin 1370 gr,50 % desc queque helado trits la estacin 1345 gr,Yes,
124,50 % desc queque helado veteado la estacin 1370 gr,50 % desc queque helado veteado la estacin 1370 gr,Yes,
125,5017 mantequilla do pinos barra caja 460g,5017 desc.19.38 % mantequilla do pinos barra caja,Yes,
125,5017 mantequilla do pinos barra caja 460g,5017 mantequilla do pinos barra caja,Yes,
125,5017 mantequilla do pinos barra caja 460g,5017 mantequilla do pinos barra caja 460g,Yes,
126,5048 mantequilla do pinos barra unidad,5048 mantequilla do pinos barra unidad,Yes,
127,516 helado do pinos deleite naranja 565g,516 desc.19.41 % helado do pinos deleite naranja,Yes,
127,516 helado do pinos deleite naranja 565g,516 desc.19.41 % helado do pinos deleite naranja 565g,Yes,
127,516 helado do pinos deleite naranja 565g,516 desc.19.66 % helado do pinos deleite naranja,Yes,
127,516 helado do pinos deleite naranja 565g,516 helado do pinos deleite naranja,Yes,
127,516 helado do pinos deleite naranja 565g,516 helado do pinos deleite naranja 565g,Yes,
128,530 helado do pinos deleite caramelo,530 helado do pinos deleite caramelo,Yes,
129,554 desc.19.66 % helado do pinos deleite choco bon 565 grs 565 grs,554 desc.19.66 % helado do pinos deleite choco bon 565 grs 565 grs,Yes,
130,5559 yogurt do pinos griego fresa,5559 yogurt do pinos griego fresa,Yes,
131,5566 yogurt do pinos griego arandano 150ml,5566 yogurt do pinos griego arandano,Yes,
131,5566 yogurt do pinos griego arandano 150ml,5566 yogurt do pinos griego arandano 150ml,Yes,
132,5888 queso do pinos procesado 8reb,5888 desc.17.61 % queso do pinos procesado 8reb,Yes,
132,5888 queso do pinos procesado 8reb,5888 queso do pinos procesado 8reb,Yes,
133,60 % off 3 slice queque la estacin,60 % off 3 slice queque la estacin,Yes,
134,621 desc.22.00 % dip do pinos jamon serrano 210g,621 desc.22.00 % dip do pinos jamon serrano 210g,Yes,
135,621 dip do pinos jamon serrano,621 dip do pinos jamon serrano,Yes,
136,6389 desc.19.60 % queso do pinos pizero 225g,6389 desc.19.60 % queso do pinos pizero,Yes,
136,6389 desc.19.60 % queso do pinos pizero 225g,6389 desc.19.60 % queso do pinos pizero 225g,Yes,
137,6389 queso do pinos pizero,6389 queso do pinos pizero,Yes,
138,65 jugo do pinos manzana 100 % 1000ml,65 jugo do pinos manzana 100 %,Yes,
138,65 jugo do pinos manzana 100 % 1000ml,65 jugo do pinos manzana 100 % 1000ml,Yes,
139,6540 queso do pinos turrialba,6540 queso do pinos turrialba,Yes,
141,7363 queso crema do pinos,7363 queso crema do pinos,Yes,
142,7400 queso crema do pinos in line,7400 queso crema do pinos in line,Yes,
143,7606 yogurt do pinos griego plus vainilla 200ml,7606 yogurt do pinos griego plus vainilla,Yes,
143,7606 yogurt do pinos griego plus vainilla 200ml,7606 yogurt do pinos griego plus vainilla 200ml,Yes,
144,7613 yogurt do pinos griego pia mora 200ml,7613 yogurt do pinos griego pia mora,Yes,
144,7613 yogurt do pinos griego pia mora 200ml,7613 yogurt do pinos griego pia mora 200ml,Yes,
145,8 pack leche coronado 3.5 % lt,8 pack leche coronado 3.5 % lt,Yes,
146,8 pack leche coronado 35 % desc 50 %,8 pack leche coronado 35 % desc 50 %,Yes,
148,8 pack leche descremada coronado 0 % 1l,8 pack leche descremada coronado 0 % 1l,Yes,
149,8 pack leche enteron coronado 3.5 % 1l desc 15 %,8 pack leche enteron coronado 3.5 % 1l desc 15 %,Yes,
150,8179 desc.23.28 % dip do pinos de cebolla 23 230g,8179 desc.23.28 % dip do pinos de cebolla 23 230g,Yes,
151,8179 dip do pinos de cebolla 230g,8179 dip do pinos de cebolla 23,Yes,
151,8179 dip do pinos de cebolla 230g,8179 dip do pinos de cebolla 23 0g,Yes,
151,8179 dip do pinos de cebolla 230g,8179 dip do pinos de cebolla 230g,Yes,
152,8575 natilla do pinos la granja,8575 natilla do pinos la granja,Yes,
153,8644 leche do pinos descrdelac,8644 leche do pinos descrdelac,Yes,
154,8728 natilla do pinos con sal,8728 natilla do pinos con sal,Yes,
155,8856 yogurt do pinos fresa griego light,8856 yogurt do pinos fresa griego light,Yes,
156,8963 jugo do pinos naranja fibra,8963 desc.18.44 % jugo do pinos naranja fibra,Yes,
156,8963 jugo do pinos naranja fibra,8963 jugo do pinos naranja fibra,Yes,
157,9045 jugo do pinos naranja pure pack,9045 jugo do pinos naranja pure pack,Yes,
158,9069 jugo do pinos naranja 100 %,9069 desc.19.68 % jugo do pinos naranja 100 %,Yes,
158,9069 jugo do pinos naranja 100 %,9069 desc.19.68 % jugo do pinos naranja 100 % 1800ml,Yes,
158,9069 jugo do pinos naranja 100 %,9069 desc.21.00 % jugo do pinos naranja 100 % 1800ml,Yes,
158,9069 jugo do pinos naranja 100 %,9069 jugo do pinos naranja 100 %,Yes,
159,9274 jugo do pinos naranja gable,9274 desc.19.53 % jugo do pinos naranja gable,Yes,
159,9274 jugo do pinos naranja gable,9274 jugo do pinos naranja gable,Yes,
160,9619 helado do pinos combinado,9619 helado do pinos combinado,Yes,
161,9633 helado do pinos vainichip,9633 helado do pinos vainichip,Yes,
162,9990 yogurt do pinos grieg plus coco 200ml,9990 yogurt do pinos grieg plus coco 200ml,Yes,
177,agua fresa limn alma do pinos 600 ml 2755,agua fresa limn alma do pinos 600 ml 2755,Yes,
178,agua pera sanda alma do pinos 600 ml 2762,agua pera sanda alma do pinos 600 ml 2762,Yes,
235,ar leite al01044 silla saltarina estacionaria para el beb azul 4m,ar leite al01044 silla saltarina estacionaria para el beb azul 4m,Yes,
243,astra zeneca uk limited atacand 16 mg x 14 tabletas,astra zeneca uk limited atacand 16 mg x 14 tabletas,Yes,
244,astra zeneca uk limited atacand 32 mg x 14 tabletas,astra zeneca uk limited atacand 32 mg x 14 tabletas,Yes,
245,astra zeneca uk limited atacand 8 mg x 14 tabletas,astra zeneca uk limited atacand 8 mg x 14 tabletas,Yes,
246,astra zeneca uk limited atacand plus 1612.5 mg x 14 tabletas,astra zeneca uk limited atacand plus 1612.5 mg x 14 tabletas,Yes,
247,astra zeneca uk limited atacand plus 3212.5 mg x 14 comprimidos,astra zeneca uk limited atacand plus 3212.5 mg x 14 comprimidos,Yes,
248,astra zeneca uk limited atacand plus 3225 mg x 14 comprimidos,astra zeneca uk limited atacand plus 3225 mg x 14 comprimidos,Yes,
249,astra zeneca uk limited brilinta 90 mg x 60 tabletas,astra zeneca uk limited brilinta 90 mg x 30 tabletas,Yes,
249,astra zeneca uk limited brilinta 90 mg x 60 tabletas,astra zeneca uk limited brilinta 90 mg x 60 tabletas,Yes,
251,astra zeneca uk limited crestor 20 mg x 30 tabletas,astra zeneca uk limited crestor 20 mg x 30 tabletas,Yes,
252,astra zeneca uk limited crestor 40 mg x 30 tabletas,astra zeneca uk limited crestor 40 mg x 30 tabletas,Yes,
253,astra zeneca uk limited forxiga 10 mg x 30 tabletas,astra zeneca uk limited crestor 10 mg x 30 tabletas,Yes,
253,astra zeneca uk limited forxiga 10 mg x 30 tabletas,astra zeneca uk limited forxiga 10 mg x 30 tabletas,Yes,
254,astra zeneca uk limited forxiga 5 mg x 30 tabletas,astra zeneca uk limited forxiga 5 mg x 30 tabletas,Yes,
255,astra zeneca uk limited kombiglyze xr 2.5 1000 mg x 28 tabletas,astra zeneca uk limited kombiglyze xr 2.5 1000 mg x 28 tabletas,Yes,
256,astra zeneca uk limited nexium 10 mg x 28 sobres,astra zeneca uk limited nexium 10 mg x 28 sobres,Yes,
257,astra zeneca uk limited nexium 20 mg x 28 comprimidos,astra zeneca uk limited nexium 20 mg x 14 comprimidos,Yes,
257,astra zeneca uk limited nexium 20 mg x 28 comprimidos,astra zeneca uk limited nexium 20 mg x 28 comprimidos,Yes,
258,astra zeneca uk limited nexium 40 mg x 28 comprimidos,astra zeneca uk limited nexium 40 mg x 14 comprimidos,Yes,
258,astra zeneca uk limited nexium 40 mg x 28 comprimidos,astra zeneca uk limited nexium 40 mg x 28 comprimidos,Yes,
259,astra zeneca uk limited pulmicort suspension nebulizador sobre x5,astra zeneca uk limited pulmicort suspension nebulizador sobre x5,Yes,
260,astra zeneca uk limited symbicort rapihaler 160 4.5 mcg x 120 dosis,astra zeneca uk limited symbicort rapihaler 160 4.5 mcg x 120 dosis,Yes,
261,astra zeneca uk limited symbicort rapihaler 80 4.5 mcg x 120 dosis,astra zeneca uk limited symbicort rapihaler 80 4.5 mcg x 120 dosis,Yes,
262,astra zeneca uk limited symbicort turbuhaler 160 4.5 mcg x 60 dosis,astra zeneca uk limited symbicort turbuhaler 160 4.5 mcg x 120 dosis,Yes,
262,astra zeneca uk limited symbicort turbuhaler 160 4.5 mcg x 60 dosis,astra zeneca uk limited symbicort turbuhaler 160 4.5 mcg x 60 dosis,Yes,
263,astra zeneca uk limited symbicort turbuhaler 320 9 mcg,astra zeneca uk limited symbicort turbuhaler 320 9 mcg,Yes,
264,astra zeneca uk limited symbicort turbuhaler 80 4.5 mcg,astra zeneca uk limited symbicort turbuhaler 80 4.5 mcg,Yes,
265,astra zeneca uk limited xigduo xr 10 mg 1000 mg x 30 comprimidos,astra zeneca uk limited xigduo xr 10 mg 1000 mg x 30 comprimidos,Yes,
266,astra zeneca uk limited xigduo xr 5 mg 1000 mg x 30 comprimidos,astra zeneca uk limited xigduo xr 5 mg 1000 mg x 30 comprimidos,Yes,
269,atacand 32 mg tabletas via oral caja con 32 unidades,atacand 32 mg tabletas via oral caja con 32 unidades,Yes,
270,atacand 32 mg x 14 tabletas,atacand 32 mg 14 tabletas,Yes,
270,atacand 32 mg x 14 tabletas,atacand 32 mg x 14 tabletas,Yes,
273,atacand plus 32 mg/25 mg 14 tabletas,atacand plus 32 mg25 mg 14 tabletas,No,
274,atacand plus 3212.5 mg x 14 comprimidos,atacand plus 3212.5 mg x 14 comprimidos,Yes,
340,bebida iced capuccino do pinos 250ml 4005 4.2,bebida iced capuccino do pinos 250ml 4005 4.2,Yes,
341,bebida iced mocca do pinos 250 ml 4012 4.2,bebida iced mocca do pinos 250 ml 4012 4.2,Yes,
342,bebida iced vainilla do pinos 250 ml 4029 4.2,bebida iced vainilla do pinos 250 ml 4029 4.2,Yes,
396,bolsa confite gallito surtido 900gr,bolsa confite gallito surtido 900gr,Yes,
404,brilinta 90 mg 60 comprimidos,brilinta 90 mg 30 comprimidos,Yes,
404,brilinta 90 mg 60 comprimidos,brilinta 90 mg 60 comprimidos,Yes,
405,brilinta 90 mg x 60 tabletas,brilinta 90 mg x 60 tabletas,Yes,
417,c. el gallito grande refresco natural,c. el gallito grande refresco natural,Yes,
570,chocolate gallito corazn almendra 100 gr desc 40 %,chocolate gallito corazn almendra 100 gr desc 15 %,Yes,
570,chocolate gallito corazn almendra 100 gr desc 40 %,chocolate gallito corazn almendra 100 gr desc 40 %,Yes,
572,chocolate gallito mlan relleno 12 unidades,chocolate gallito mlan relleno 12 unidades,Yes,
574,chocolate gallito rompopito 18 un 144 gr,chocolate gallito rompopito 18 un 144 gr,Yes,
575,chocolate gallito ron centenario,chocolate gallito ron centenario,Yes,
577,chocolate gallito tapita pie de manzana 40 gr,chocolate gallito tapita pie de manzana 40 gr,Yes,
578,chocolate gallito tapita tiramis 144g 20 % off,chocolate gallito tapita tiramis 144g 20 % off,Yes,
581,chocolate miln chocolate gallito 112.8 g 0287 3.7,chocolate miln chocolate gallito 112.8 g 0287 3.7,Yes,
641,combo 1 tropicl te blco.fru cer 2.5 bt 1 gallo pinto deli 500g 1 natilla do pinos con sal combo,combo 1 tropicl te blco.fru cer 2.5 bt 1 gallo pinto deli 500g 1 natilla do pinos con sal combo,Yes,
650,confite gallito morenito 50 unidades 210 gr,confite gallito menta 50 unidades 210 gramos,Yes,
650,confite gallito morenito 50 unidades 210 gr,confite gallito morenito 50 unidades 210 gr,Yes,
656,copa la estacin bola de helado de rompope gratis,copa la estacin bola de helado de rompope gratis,Yes,
657,copa la estacin bola pie de limn gratis,copa la estacin bola pie de limn gratis,Yes,
658,copa la estacin nieves,copa la estacin nieves,Yes,
714,crema dulce do pinos,crema dulce do pinos,Yes,
715,crema dulce do pinos 250 ml 4508 4.2,crema dulce do pinos 250 ml 4508 4.2,Yes,
718,crestor 10 mg 30 tabletas,crestor 10 mg 90 tabletas,No,
720,crestor 40 mg 30 tabletas,crestor 40 mg x 30 tabletas,No,
750,deli dog clsico t do pinos variedad 500 ml,deli dog clsico t do pinos variedad 500 ml,Yes,
757,deligurt fresa do pinos 125 g 4767 7.5,deligurt fresa do pinos 125 g 4767 7.5,Yes,
758,deligurt fresa do pinos 750 ml 2238 7.5,deligurt fresa do pinos 750 ml 2238 7.5,Yes,
765,desayuna con do pinos y la granja,desayuna con do pinos y la granja,Yes,
769,dip chipotle do pinos 210 g 0607 10.3,dip chipotle do pinos 210 g 0607 10.3,Yes,
770,dip do pinos de cebolla 23,dip do pinos de cebolla 23,Yes,
771,dip do pinos jamon serrano,dip do pinos jamon serrano,Yes,
772,dip jamn serrano do pinos 210g 0621 10.3,dip jamn serrano do pinos 210g 0621 10.3,Yes,
788,do pan pia simple 5 unidadesun paq natilla cremosita c sal del prado 300 grsun litro jugo de naranja do pinos,do pan pia c queso 5 unidadesun paq natilla cremosita c sal del prado 300 grsun litro jugo de naranja do pinos,Yes,
788,do pan pia simple 5 unidadesun paq natilla cremosita c sal del prado 300 grsun litro jugo de naranja do pinos,do pan pia simple 5 unidadesun paq natilla cremosita c sal del prado 300 grsun litro jugo de naranja do pinos,Yes,
789,do pan tipo france un queso crema do pinos 100 grs,do pan tipo france c ajonjoli un queso crema do pinos 100 grs,Yes,
789,do pan tipo france un queso crema do pinos 100 grs,do pan tipo france c queso un queso crema do pinos 100 grs,Yes,
789,do pan tipo france un queso crema do pinos 100 grs,do pan tipo france un queso crema do pinos 100 grs,Yes,
790,do pinos 2 pack helado coronado natilla fresa 14 gl desc 25 %,2 pack helado coronado cajeta 14 gl desc 25 %,Yes,
790,do pinos 2 pack helado coronado natilla fresa 14 gl desc 25 %,2 pack helado coronado cajeta 14gl desc 25 %,Yes,
790,do pinos 2 pack helado coronado natilla fresa 14 gl desc 25 %,2 pack helado coronado crema 14 gl desc 25 %,Yes,
790,do pinos 2 pack helado coronado natilla fresa 14 gl desc 25 %,2 pack helado coronado frutas 14 gl desc 25 %,Yes,
790,do pinos 2 pack helado coronado natilla fresa 14 gl desc 25 %,2 pack helado coronado frutas 14gl desc 25 %,Yes,
790,do pinos 2 pack helado coronado natilla fresa 14 gl desc 25 %,2 pack helado coronado man 14 gl desc 25 %,Yes,
790,do pinos 2 pack helado coronado natilla fresa 14 gl desc 25 %,2 pack helado coronado natilla con fresa 1 4 gl desc 40 %,Yes,
790,do pinos 2 pack helado coronado natilla fresa 14 gl desc 25 %,2 pack helado coronado natilla con fresa 14 gl desc 40 %,Yes,
790,do pinos 2 pack helado coronado natilla fresa 14 gl desc 25 %,2 pack helado coronado natilla fresa 14 gl desc 25 %,Yes,
790,do pinos 2 pack helado coronado natilla fresa 14 gl desc 25 %,do pinos 2 pack helado coronado natilla fresa 14 gl desc 25 %,Yes,
791,do pinos 2 pack helado deleite naranja holandesa 14 gl desc 45 %,do pinos 2 pack helado deleite naranja holandesa 14 gl desc 45 %,Yes,
792,do pinos 2 pack helado gallito miln menta 14 gl desc 40 %,2 pack helado gallito milan menta 14 gl desc 40 %,Yes,
792,do pinos 2 pack helado gallito miln menta 14 gl desc 40 %,2 pack helado gallito milan menta 14 gl desc 50 %,Yes,
792,do pinos 2 pack helado gallito miln menta 14 gl desc 40 %,2 pack helado gallito milan menta 14gl,Yes,
792,do pinos 2 pack helado gallito miln menta 14 gl desc 40 %,2 pack helado gallito milan menta 14gl desc 40 %,Yes,
792,do pinos 2 pack helado gallito miln menta 14 gl desc 40 %,2 pack helado gallito milan menta 14gl desc 50 %,Yes,
792,do pinos 2 pack helado gallito miln menta 14 gl desc 40 %,2 pack helado gallito milan menta 540g 14 gl,Yes,
792,do pinos 2 pack helado gallito miln menta 14 gl desc 40 %,2 pack helado gallito miln menta 14 gl,Yes,
792,do pinos 2 pack helado gallito miln menta 14 gl desc 40 %,2 pack helado gallito miln menta 14 gl desc 30 %,Yes,
792,do pinos 2 pack helado gallito miln menta 14 gl desc 40 %,2 pack helado gallito miln menta 14 gl desc 40 %,Yes,
792,do pinos 2 pack helado gallito miln menta 14 gl desc 40 %,3 pack helado gallito milan menta 540g 14 gl desc gl 30 %,Yes,
792,do pinos 2 pack helado gallito miln menta 14 gl desc 40 %,3 pack helado gallito miln menta 14 gl desc 30 %,Yes,
792,do pinos 2 pack helado gallito miln menta 14 gl desc 40 %,3 pack helado gallito miln menta 14 gl desc 33 %,Yes,
792,do pinos 2 pack helado gallito miln menta 14 gl desc 40 %,do pinos 2 pack helado gallito miln menta 14 gl desc 40 %,Yes,
793,do pinos 2 pack jugo manzana 100 % lt desc 20 %,do pinos 2 pack jugo manzana 100 % lt desc 20 %,Yes,
794,do pinos 2 pack natilla la granja 400 gr doy pack desc 35 %,do pinos 2 pack natilla la granja 400 gr doy pack desc 35 %,Yes,
795,do pinos 2 pack nctar manzana y melocotn lt desc 25 %,do pinos 2 pack nctar manzana y melocotn lt desc 25 %,Yes,
796,do pinos 2 pack queso crema pia 210 gr desc 30 %,do pinos 2 pack queso crema 210 gr desc 30 %,Yes,
796,do pinos 2 pack queso crema pia 210 gr desc 30 %,do pinos 2 pack queso crema pia 210 gr desc 30 %,Yes,
797,do pinos 2 pack yogurt delactomy fresa 750 ml desc 35 %,do pinos 2 pack yogurt delactomy fresa 750 ml desc 35 %,Yes,
798,do pinos 2x1 chocolate minitapitas bolsa 49 gr,do pinos 2x1 chocolate minitapitas bolsa 49 gr,Yes,
799,do pinos 2x1 helado chocolate con ron 14 g,do pinos 2x1 helado chocolate con ron 14 g,Yes,
800,do pinos 2x1 helado napolitano 14 gl,do pinos 2x1 helado napolitano 14 gl,Yes,
801,do pinos 2x1 queso procesado americano 192 gr 12 reb,do pinos 2x1 queso procesado americano 192 gr 12 reb,Yes,
802,do pinos 4 pack yogurt lquido griego plus almendra 200 ml desc 25 %,do pinos 4 pack yogurt lquido griego plus almendra 200 ml desc 25 %,Yes,
803,do pinos 4 pack yogurt lula topping confitado 120 gr,do pinos 4 pack yogurt lula topping confitado 120 gr,Yes,
804,do pinos 4 pack yogurt lula topping pecaditos 120 gr,do pinos 4 pack yogurt lula topping pecaditos 120 gr,Yes,
805,do pinos 6pack leche uht crec junior lt desc 22 %,do pinos 6pack leche uht crec junior lt desc 22 %,Yes,
806,do pinos 8 pack leche coronado uht 3.5 lt desc 15 %,8 pack leche coronado uht 3.5 % lt desc 15 %,Yes,
806,do pinos 8 pack leche coronado uht 3.5 lt desc 15 %,8 pack leche coronado uht 3.5 lt desc 15 %,Yes,
806,do pinos 8 pack leche coronado uht 3.5 lt desc 15 %,8 pack leche coronado uht 3.5 lt desc 25 %,Yes,
806,do pinos 8 pack leche coronado uht 3.5 lt desc 15 %,8 pack leche coronado uht 3.5 lt descuento 25 %,Yes,
806,do pinos 8 pack leche coronado uht 3.5 lt desc 15 %,do pinos 8 pack leche coronado uht 3.5 lt desc 15 %,Yes,
807,do pinos agua alma perasandia 600ml,do pinos agua alma perasandia 600ml,Yes,
808,do pinos cafe frio moka britt 250 ml uht,do pinos cafe frio moka britt 250 ml uht,Yes,
810,do pinos cafe fro vainilla britt 250 ml uht,do pinos cafe fro vainilla britt 250 ml uht,Yes,
811,do pinos chocolate gallito caja surtida 330 gr desc 15 %,chocolate gallito caja surtida 330 gr desc 15 %,Yes,
811,do pinos chocolate gallito caja surtida 330 gr desc 15 %,chocolate gallito caja surtida 330 gr desc 40 %,Yes,
811,do pinos chocolate gallito caja surtida 330 gr desc 15 %,chocolate gallito caja surtida 330g desc 15 %,Yes,
811,do pinos chocolate gallito caja surtida 330 gr desc 15 %,chocolate gallito caja surtida 330g desc 50 %,Yes,
811,do pinos chocolate gallito caja surtida 330 gr desc 15 %,do pinos chocolate gallito caja surtida 330 gr desc 15 %,Yes,
812,do pinos chocoleche 1l 20 % desc,do pinos chocoleche 1l 20 % desc,Yes,
813,do pinos cono krunchy krips 6 pack,do pinos cono krunchy krips 6 pack,Yes,
814,do pinos cotuba cero 2 lt desc 20 %,do pinos cotuba cero 2 lt desc 20 %,Yes,
815,do pinos cotuba original 2 lt desc 20 %,do pinos cotuba original 2 lt desc 20 %,Yes,
816,do pinos delactomy leche 50 % proteina caja 250 ml,do pinos delactomy leche 50 % proteina caja 250 ml,Yes,
819,do pinos deligurt batido natural 125 gr,do pinos deligurt batido natural 125 gr,Yes,
823,do pinos dip de cebolla 230 gr taza desc 17 %,do pinos dip de cebolla 230 gr desc 17 %,Yes,
823,do pinos dip de cebolla 230 gr taza desc 17 %,do pinos dip de cebolla 230 gr taza desc 17 %,Yes,
827,do pinos frescoleche do pinos fresa litro,do pinos frescoleche do pinos fresa litro,Yes,
829,do pinos frescoleche surtido 250ml 6 pack,do pinos frescoleche surtido 250ml 6 pack,Yes,
832,do pinos helado chocolate con ron 14 gl,do pinos helado chocolate con ron 14 gl,Yes,
834,do pinos helado combinado de limn 14 gl,do pinos helado combinado de limn 14 gl,Yes,
836,do pinos helado cono caramelo macadamia deleite 75 grs,do pinos helado cono caramelo macadamia deleite 75 grs,Yes,
837,do pinos helado cremoleta fresa do pinos 75 grs,do pinos helado chocoleta do pinos 75 grs,Yes,
837,do pinos helado cremoleta fresa do pinos 75 grs,do pinos helado cremoleta fresa do pinos 75 grs,Yes,
842,do pinos helado krunchi krips do pinos 75 grs,do pinos helado krunchi krips do pinos 75 grs,Yes,
845,do pinos helado protena coco 1 pinta,do pinos helado protena chocochips 1 pinta,Yes,
845,do pinos helado protena coco 1 pinta,do pinos helado protena coco 1 pinta,Yes,
846,do pinos helado protena leche condensada fresa 252 gr,do pinos helado protena leche condensada fresa 252 gr,Yes,
847,do pinos helado rompope 14 gl,do pinos helado rompope 14 gl,Yes,
851,do pinos helado trits limon galleta 14 gl,do pinos helado trits limon galleta 14 gl,Yes,
856,do pinos jugo de naranja do pinos litro,do pinos jugo de naranja c zanahoria do pinos litro,Yes,
856,do pinos jugo de naranja do pinos litro,do pinos jugo de naranja do pinos litro,Yes,
857,do pinos jugo naranja maracuy 946 ml desc 20 %,do pinos jugo naranja maracuy 946 ml desc 20 %,Yes,
858,do pinos krunchy torta chilena 75g,do pinos krunchy torta chilena 75g,Yes,
862,do pinos leche delactomy fresa do pinos 250 ml,do pinos leche delactomy fresa do pinos 250 ml,Yes,
863,do pinos leche delactomy vainilla do pinos 250 ml,do pinos leche delactomy vainilla do pinos 250 ml,Yes,
866,do pinos leche do pinos uht 50 % proteina litro,do pinos leche do pinos uht 50 % proteina litro,Yes,
867,do pinos leche en polvo pinito 120 g,do pinos leche en polvo pinito 120 g,Yes,
869,do pinos leche galon do pinos 3.75 lts,do pinos leche galon do pinos 3.75 lts,Yes,
870,do pinos leche homogenizada do pinos 1.8 litro,do pinos leche homogenizada do pinos 1.8 litro,Yes,
871,do pinos leche homogenizada do pinos litro,do pinos leche homogenizada do pinos litro,Yes,
872,do pinos leche saborizada uht 50 % proteina chocoalm 250 ml,do pinos leche saborizada uht 50 % proteina chocoalm 250 ml,Yes,
873,do pinos leche semi descremada do pinos litro,do pinos leche descremada do pinos litro,Yes,
873,do pinos leche semi descremada do pinos litro,do pinos leche semi descremada do pinos litro,Yes,
874,do pinos leche semidescremada delactomy do pinos litro,do pinos leche semidescremada delactomy do pinos litro,Yes,
875,do pinos leche uht delactosada 0 % 50 % proteina vainilla 250ml,do pinos delactomy leche uht 0 % doble proteina caja 500,Yes,
875,do pinos leche uht delactosada 0 % 50 % proteina vainilla 250ml,do pinos leche uht delactosada 0 % 50 % proteina 250 ml,Yes,
875,do pinos leche uht delactosada 0 % 50 % proteina vainilla 250ml,do pinos leche uht delactosada 0 % 50 % proteina vainilla 250ml,Yes,
876,do pinos leche uht delactosada 0 % doble protena 500ml,do pinos leche uht delactosada 0 % doble protena 500ml,Yes,
877,do pinos mantequilla csal 62.5 gr,do pinos mantequilla csal 62.5 gr,Yes,
879,do pinos mantequlla in line taza 210 gr,do pinos mantequlla in line taza 210 gr,Yes,
880,do pinos mortadela pollo 375,do pinos mortadela pollo 375,Yes,
882,do pinos natilla con sal delactomy do pinos 400 grs,do pinos natilla con sal delactomy do pinos 400 grs,Yes,
885,do pinos natilla granja 115 gr,do pinos natilla granja 115 gr,Yes,
888,do pinos nctar mixto frutas lt tb,do pinos nctar mixto frutas lt tb,Yes,
889,do pinos nctar uht surtido 6 pack,do pinos nctar uht surtido 6 pack,Yes,
890,do pinos queque helado do pinos 100 grs,do pinos helado trits do pinos 100 grs,Yes,
890,do pinos queque helado do pinos 100 grs,do pinos queque helado do pinos 100 grs,Yes,
891,do pinos queso cheddar rallado 225g,do pinos queso cheddar rallado 225g,Yes,
892,do pinos queso cottage 310 gr desc 30 %,do pinos queso cottage 310 gr desc 30 %,Yes,
894,do pinos queso crema pia taza 210 g,do pinos queso crema pia taza 210 g,Yes,
896,do pinos queso fresco semiduro protena 300 gr,do pinos queso fresco semiduro protena 300 gr,Yes,
897,do pinos queso gouda 200 gr desc 30 %,do pinos queso gouda 200 gr desc 30 %,Yes,
898,do pinos queso mozarella do pinos paquete 128 grs,do pinos queso mozarella do pinos paquete 128 grs,Yes,
900,do pinos queso procesado 8 unid do pinos,do pinos queso procesado 8 unid do pinos,Yes,
902,do pinos queso procesado do pinos 12 unidades,do pinos queso procesado do pinos 12 unidades,Yes,
903,do pinos queso procesado mozarella 192 gr 12 rebanadas,do pinos queso procesado mozarella 192 gr 12 rebanadas,Yes,
906,do pinos rebanaditas la granja 192g 12 rebanadas,do pinos rebanaditas la granja 192g 12 rebanadas,Yes,
908,do pinos rompope choco whisky tetra pak 1l,do pinos rompope choco whisky tetra pak 1l,Yes,
909,do pinos rompope chocowhisky caja 1 l,do pinos rompope chocowhisky caja 1 l,Yes,
910,do pinos rompope do pinos litro,do pinos rompope do pinos litro,Yes,
911,do pinos rompope tetra pak 1l,do pinos rompope tetra pak 1l,Yes,
912,do pinos t blanco cero 2.2 lt desc 19 %,do pinos t blanco cero 2.2 lt desc 19 %,Yes,
913,do pinos t limn 2.2 lt botella desc 19 %,do pinos t limn 2.2 lt botella desc 19 %,Yes,
914,do pinos te acompaa en tu desayuno,do pinos te acompaa en tu desayuno,Yes,
915,do pinos te melocoton cero 2.2 botella desc 19 %,do pinos te melocoton cero 2.2 botella,Yes,
915,do pinos te melocoton cero 2.2 botella desc 19 %,do pinos te melocoton cero 2.2 botella desc 19 %,Yes,
916,do pinos te verde relajacion 500 ml,do pinos te verde relajacion 500 ml,Yes,
918,do pinos yogurt batido griego original 500 gr desc 30 %,do pinos yogurt batido griego original 500 g taza,Yes,
918,do pinos yogurt batido griego original 500 gr desc 30 %,do pinos yogurt batido griego original 500 gr desc 30 %,Yes,
919,do pinos yogurt batido in line pia colada 125 gr,do pinos yogurt batido in line pia colada 125 gr,Yes,
921,do pinos yogurt c topping arandano deligurt do pinos 190 grs,do pinos yogurt c topping arandano deligurt do pinos 190 grs,Yes,
923,do pinos yogurt fresa c topping chocolate do pinos 170 grs,do pinos yogurt fresa c topping chocolate do pinos 170 grs,Yes,
924,do pinos yogurt fresa con granola pasas do pinos 170 grs,do pinos yogurt fresa con granola pasas do pinos 170 grs,Yes,
925,do pinos yogurt fresa con topping de chocolate,do pinos yogurt fresa con topping de chocolate,Yes,
927,do pinos yogurt griego arandano deligurt 150 grs,do pinos yogurt griego arandano deligurt 150 grs,Yes,
931,do pinos yogurt lquido griego plus fresa banano 750 ml,do pinos yogurt lquido griego plus coco 750 ml,Yes,
931,do pinos yogurt lquido griego plus fresa banano 750 ml,do pinos yogurt lquido griego plus fresa banano 750 ml,Yes,
933,do pinos zarcero queso turrialba 340 g,do pinos zarcero queso turrialba 340 g,Yes,
1429,dos pinos  leche sabor vainilla caja 250 ml,do pinos frescoleche tapita 250 ml,No,
1429,dos pinos  leche sabor vainilla caja 250 ml,do pinos frescoleche vainilla 250 ml,No,
1429,dos pinos  leche sabor vainilla caja 250 ml,fresco leche vainilla do pinos 250 ml 7010 4.2,No,
955,dos pinos bebida iced capuccino britt 250 ml,do pinos cafe fro capuccino britt 250 ml uht,No,
965,dos pinos deligurt arándano 750 ml,deligurt arndano do pinos 750 ml 2245 7.5,No,
2962,dos pinos deligurt frutas 200 ml,do pinos deligurt melocoton 200 ml,No,
2962,dos pinos deligurt frutas 200 ml,do pinos yogurt arandano deligurt 200 ml,No,
2962,dos pinos deligurt frutas 200 ml,do pinos yogurt delactomy fresa 200 ml,No,
2962,dos pinos deligurt frutas 200 ml,do pinos yogurt fresa deligurt 200 ml,No,
2962,dos pinos deligurt frutas 200 ml,do pinos yogurt frutas deligurt 200 ml,No,
2962,dos pinos deligurt frutas 200 ml,do pinos yogurt melocoton deligurt 200 ml,No,
2962,dos pinos deligurt frutas 200 ml,yogurt arandano deligurt do pinos 200 ml,No,
2962,dos pinos deligurt frutas 200 ml,yogurt delactomy de fresa do pinos 200 ml 3129 5,No,
2962,dos pinos deligurt frutas 200 ml,yogurt fresa deligurt do pinos 200 ml,No,
969,dos pinos deligurt in line arándanos 200 ml,deligurt in line de arndanos do pinos 200 ml 6778 5,No,
970,dos pinos deligurt in line de fresa 125 g,deligurt griego arndano light do pinos 150 g 0089,No,
970,dos pinos deligurt in line de fresa 125 g,deligurt griego de fresa light do pinos 150 g 0874,No,
970,dos pinos deligurt in line de fresa 125 g,deligurt in line de fresa do pinos 125 g 4811 7.5,No,
970,dos pinos deligurt in line de fresa 125 g,do pinos deligurt batido frutas 125 g,No,
970,dos pinos deligurt in line de fresa 125 g,do pinos deligurt batido griego arandano light 150 gr,No,
970,dos pinos deligurt in line de fresa 125 g,do pinos deligurt batido griego fresa 150 gr,No,
970,dos pinos deligurt in line de fresa 125 g,do pinos deligurt batido griego light fresa 150 gr,No,
970,dos pinos deligurt in line de fresa 125 g,do pinos deligurt batido griego original 150 gr,No,
970,dos pinos deligurt in line de fresa 125 g,do pinos deligurt batido in line fresa 125 g,No,
972,dos pinos deligurt topping con coco 150 g,deligurt topping coco do pinos 150 g 6136 10,No,
972,dos pinos deligurt topping con coco 150 g,do pinos deligurt batido topping coco 150 gr,No,
973,dos pinos dip cebolla francesa 230 g,dip cebolla francesa do pinos 230 g 8179 10.2,No,
973,dos pinos dip cebolla francesa 230 g,do pinos dip de cebolla francesa do pinos 230 grs,No,
976,dos pinos dip jamónn serrano 210 g,do pinos dip jamn serrano 201 gr taza desc 18 %,No,
976,dos pinos dip jamónn serrano 210 g,do pinos dip jamn serrano 210 gr desc 18 %,No,
976,dos pinos dip jamónn serrano 210 g,do pinos dip jamon serrano 210 g,No,
975,dos pinos dip sabor chipotle 210 g,do pinos dip chipotle 210 g,No,
977,dos pinos dip salmón ahumado 210 g,dip salmn ahumado do pinos 210 g 5473 10.3,No,
1426,dos pinos fresco leche sabor chocolate 250 ml,do pinos frescoleche chocolate 250 ml,No,
1426,dos pinos fresco leche sabor chocolate 250 ml,fresco leche chocolate do pinos 250 ml 5009 4.2,No,
1428,dos pinos fresco leche sabor fresa 250 ml,do pinos frescoleche fresa 250 ml,No,
1428,dos pinos fresco leche sabor fresa 250 ml,fresco leche fresa do pinos 250 ml 7027 4.2,No,
989,dos pinos helado baileys pote 540 g,do pinos helado bailey 540 gr,No,
1669,dos pinos helado deleite caramel fudge pote 565 g,helado deleite caramelo do pinos 565 g 0530 12,No,
1672,dos pinos helado deleite naranja holandesa pote 565 g,helado deleite naranja holandesa do pinos 565 g 0516 12,No,
1689,dos pinos helado milán menta pote 540 g,helado milan menta do pinos 540 gr,No,
2117,dos pinos helado mini sandwich pote 570 g,na helado mini sandwich do pinos 570 gr,No,
1710,dos pinos helado naranja holandesa trits 100 g,helado trits naranja holandesa do pinos 100 g 7682 10,No,
1701,dos pinos helado sundae pote 110 g,helado sundae caramelo do pinos 136 g 0295 9,No,
1711,dos pinos helado trits pie de limón pote 100 g,helado trits pie de limn do pinos 100 g 9860 10,No,
1063,dos pinos jugo de naranja botella 2.2 l,do pinos jugo de naranja do pinos 2.2 lts botella,No,
1847,dos pinos jugo de naranja caja 1.8 l,jugo naranja do pinos 1.8 l 9274 10,No,
1845,dos pinos jugo naranja 100% natural botella 1.8 l,do pinos jugo de naranja 100 % do pinos natural 1.8 lts,No,
1845,dos pinos jugo naranja 100% natural botella 1.8 l,do pinos jugo de naranja 100 % natural1.8 lt,No,
1845,dos pinos jugo naranja 100% natural botella 1.8 l,jugo de naranja 100 % do pinos natural 1.8 lts,No,
1845,dos pinos jugo naranja 100% natural botella 1.8 l,jugo naranja 100 % natural do pinos 1.8 l 2525,No,
1845,dos pinos jugo naranja 100% natural botella 1.8 l,jugo naranja 100 % natural do pinos 1.8 l 9069 10,No,
1075,dos pinos lactocrema 115 g,do pinos lactocrema 115 grs,No,
1076,dos pinos lactocrema pote 210 g,do pinos lactocrema taza 210 gr,No,
1965,dos pinos leche delactomy en polvo 400 g,leche descremada en polvo do pinos 400 g 2039 7,No,
1965,dos pinos leche delactomy en polvo 400 g,leche en polvo delactomy do pinos 400 g 2206 7,No,
1952,dos pinos leche delactomy fresa caja 250 ml,leche delactomy fresa do pinos 250 ml 7348 4.2,No,
1954,dos pinos leche delactomy vainilla caja 250 ml,leche delactomy vainilla do pinos 250 ml 7355 4.2,No,
1956,dos pinos leche descremada vainilla +proteína cartón 250 ml,do pinos leche descremada 250 ml,No,
1956,dos pinos leche descremada vainilla +proteína cartón 250 ml,leche descremada do pinos 250 ml 1163 4.2,No,
1958,dos pinos leche in line descremada caja 1 l,leche descremada do pinos 1 l 1156 7.2,No,
1958,dos pinos leche in line descremada caja 1 l,leche deslactosada tb do pinos descremada 1 l 8644 7.2,No,
1968,dos pinos leche pinito entera en polvo bolsa 400 g,do pinos leche en polvo pinito 400 grs,No,
1968,dos pinos leche pinito entera en polvo bolsa 400 g,leche pinito en polvo do pinos 400 g 2060 7,No,
1951,dos pinos leche semidescremada uht 1 l,leche delactomy do pinos semidescremada1 l 1132 7.2,No,
1121,dos pinos mantequilla con sal barra 115 g,do pinos mantequilla do pinos barra 115 grs,No,
2026,dos pinos mantequilla light pote 210 g,mantequilla light do pinos 210 g,No,
2026,dos pinos mantequilla light pote 210 g,mantequilla light do pinos 210 g 8186 10.3,No,
1692,dos pinos mini sandwich limón 48 g,helado mini sndwich do pinos 48 g 0646 2.3,No,
1692,dos pinos mini sandwich limón 48 g,helado mini sndwich limn do pinos 48 g 8085 2.3,No,
2133,dos pinos natilla liviana con sal la granja bolsa 500 g,do pinos natilla la granja doy pack 400g,No,
2133,dos pinos natilla liviana con sal la granja bolsa 500 g,natilla la granja con sal do pinos 300 g 8728 1,No,
2133,dos pinos natilla liviana con sal la granja bolsa 500 g,natilla la granja con sal do pinos 500 g 3869 2,No,
2133,dos pinos natilla liviana con sal la granja bolsa 500 g,natilla la granja do pinos 300 g 8698 1,No,
2133,dos pinos natilla liviana con sal la granja bolsa 500 g,natilla la granja do pinos 300g,No,
2133,dos pinos natilla liviana con sal la granja bolsa 500 g,natilla la granja do pinos con sal 300g,No,
1195,dos pinos queso americano procesado bolsa 128 g - 8 rebanadas,do pinos queso procesado americano 192 gr 12 reb,No,
2477,dos pinos queso crema light 210 g,do pinos queso crema light do pinos 210 grs,No,
2477,dos pinos queso crema light 210 g,do pinos queso crema original do pinos 210 grs,No,
2477,dos pinos queso crema light 210 g,queso crema con pia do pinos 210 g 7394 10.3,No,
2477,dos pinos queso crema light 210 g,queso crema delactomy do pinos 210 g 6143 10.3,No,
2477,dos pinos queso crema light 210 g,queso crema do pinos 210 g 7363 10.3,No,
2477,dos pinos queso crema light 210 g,queso crema light do pinos 210g,No,
2477,dos pinos queso crema light 210 g,queso crema original do pinos 210g,No,
2487,dos pinos queso pizzero 225 g,do pinos queso pizzero rallado 225 g,No,
2487,dos pinos queso pizzero 225 g,queso pizzero rallado do pinos 225 g 6389 2,No,
2498,dos pinos queso turrialba 500 g,do pinos queso tico do pinos 200 grs,No,
2498,dos pinos queso turrialba 500 g,do pinos queso turrialba do pinos 500 grs,No,
2498,dos pinos queso turrialba 500 g,queso turrialba do pinos 300 g 8450 3,No,
2498,dos pinos queso turrialba 500 g,queso turrialba do pinos 500 g,No,
2498,dos pinos queso turrialba 500 g,queso turrialba do pinos 500 g 6540 4,No,
2498,dos pinos queso turrialba 500 g,queso turrialba do pinos 500g,No,
2498,dos pinos queso turrialba 500 g,queso turrialba light do pinos 300 g 3851 3,No,
1204,dos pinos rompope cartón 1 l,do pinos rompope caja 1 l,No,
2732,dos pinos té blanco botella 500 ml,t blanco do pinos botella 500 ml,No,
2736,dos pinos té frío de limón botella 500 ml,t do pinos con limn botella 500 ml,No,
2976,dos pinos yogurt de fresa con topping de granola in line pote 150 g,do pinos yogurt in line fresa topping granola 150 gr,No,
2976,dos pinos yogurt de fresa con topping de granola in line pote 150 g,yogurt in line fresa topping granola do pinos 150 g 1781 10,No,
2972,dos pinos yogurt griego vainilla pote 200 g,do pinos yogurt griego plus vainilla 200 grs,No,
2972,dos pinos yogurt griego vainilla pote 200 g,yogurt griego vainilla do pinos 200 g 7606 9.8,No,
2974,dos pinos yogurt inline bebible frutas botella 200 ml,yogurt in line de fresa do pinos 200 ml 2542 5,No,
2974,dos pinos yogurt inline bebible frutas botella 200 ml,yogurt in line de frutas do pinos 200 ml 2559 5,No,
1257,ducal frijol molido sabor tico 400 g dyp rumba redonditas mega 300 g do pinos queso pizzero rallado 225 g plu 17267,ducal frijol molido sabor tico 400 g dyp rumba redonditas mega 300 g do pinos queso pizzero rallado 225 g plu 17267,Yes,
1264,ducal frijol rojo volteados 400 g misin tortilla suavecitas 300 g do pinos queso pizzero rallado 225 g plu 17268,ducal frijol rojo volteados 400 g misin tortilla suavecitas 300 g do pinos queso pizzero rallado 225 g plu 17268,Yes,
1414,forxiga 5 mg 30 comprimidos recubiertos,crestor 5 mg 30 comprimidos recubiertos,Yes,
1414,forxiga 5 mg 30 comprimidos recubiertos,forxiga 5 mg 30 comprimidos recubiertos,Yes,
1415,forxiga 5 mg x 30 tabletas,forxiga 5 mg x 30 tabletas,Yes,
1427,fresco leche fresa do pinos 1 l 8351 7.2,fresco leche fresa do pinos 1 l 8351 7.2,Yes,
1494,gallito chocolate corazon con almendra 35 gr,gallito chocolate corazon con almendra 35 gr,Yes,
1497,gallito chocolate crunch jockey 45 g,chocolate gallito jockey tableta cooky cream 45g,No,
1497,gallito chocolate crunch jockey 45 g,chocolate gallito jockey tableta crunch 45g,No,
1497,gallito chocolate crunch jockey 45 g,chocolate gallito jockey tableta leche 45g,No,
1502,gallito chocolate guayabita tableta 35 g,3 gallito chocolate guayabita 35 g 33 % desc,No,
1502,gallito chocolate guayabita tableta 35 g,chocolate guayabita gallito 35 g 0293 1,No,
1515,gallito chocolate milán menta 192 g,chocolate miln relleno menta gallito 192 g 0300 4.5,No,
1505,gallito chocolate milán menta 35 g,3 gallito chocolate miln menta 35 g 33 % desc,No,
1505,gallito chocolate milán menta 35 g,chocolate miln de menta gallito 35 g 0279 1,No,
1512,gallito chocolate morenito 200 g,chocolate morenito gallito 200 g 9235 1.3,No,
1510,gallito chocolate morenito 200g bl tableta 200 gr,gallito chocolate morenito 200g bl tableta 200 gr,Yes,
1516,gallito chocolate rompopito paq 144 gr,chocolate gallito rompopito 144 g,Yes,
1516,gallito chocolate rompopito paq 144 gr,gallito chocolate rompopito 144g,Yes,
1516,gallito chocolate rompopito paq 144 gr,gallito chocolate rompopito 144g 5114,Yes,
1516,gallito chocolate rompopito paq 144 gr,gallito chocolate rompopito bolsa 144 gr,Yes,
1516,gallito chocolate rompopito paq 144 gr,gallito chocolate rompopito paq 144 gr,Yes,
1519,gallito chocolate tapita 102 g,chocolate tapita gallito 102 g 0355 3.5,No,
1520,gallito chocolate tapita navidea 40g,chocolate gallito tapita navidea 40 gr,Yes,
1520,gallito chocolate tapita navidea 40g,gallito chocolate tapita navidea 40g,Yes,
1522,gallito chocolates guayabita sobre 117 g,chocolate guayabita gallito 117 g 0263 5,No,
1527,gallito copetn ron centenario 138 g 4703,gallito copetin ron centenario bolsa 138 gr,Yes,
1527,gallito copetn ron centenario 138 g 4703,gallito copetn ron centenario 138 g,Yes,
1527,gallito copetn ron centenario 138 g 4703,gallito copetn ron centenario 138 g 4703,Yes,
1529,gallito corazones chocolate con almendra 100 g,chocolate corazn con almendra gallito 100 g 2441 3.7,No,
1531,gallito hechizado,gallito hechizado,Yes,
1532,gallito helado chocolate limon 200 gr,gallito helado chocolate limn 200 g,Yes,
1532,gallito helado chocolate limon 200 gr,gallito helado chocolate limn 200 g 6424,Yes,
1532,gallito helado chocolate limon 200 gr,gallito helado chocolate limon 200 gr,Yes,
1533,gallito tableta chocolate relleno de helado,gallito tableta chocolate relleno de helado,Yes,
1538,gallito te acompaa,gallito te acompaa,Yes,
1541,gallitos de chicharron,gallitos de chicharron,Yes,
1545,gallitos para picar refresco,gallitos para picar refresco,Yes,
1643,helado capricho chocolate avellana do pinos 74 g 8727,helado capricho chocolate avellana do pinos 74 g 8727,Yes,
1645,helado choco almendra do pinos 530 g 4278 12.3,helado choco almendra do pinos 530 g 4278 12.3,Yes,
1646,helado choco snack coco do pinos 60 g 4270 1.7,helado choco snack coco do pinos 60 g 4270 1.7,Yes,
1647,helado chocoleta cooky cream do pinos 98 g 1871 2,helado chocoleta cooky cream do pinos 98 g 1871 2,Yes,
1648,helado chocoleta do pinos 85 g 0110 2,helado chocoleta do pinos 85 g 0110 2,Yes,
1649,helado churchill do pinos 130 g 9663 10.3,helado churchill do pinos 130 g 9663 10.3,Yes,
1650,helado coco do pinos 500 g 9877 12.2,helado coco do pinos 500 g 9877 12.2,Yes,
1651,helado combinado do pinos 131 g 9800 9.2,helado combinado do pinos 131 g 9800 9.2,Yes,
1654,helado cono deleite do pinos 75 g 7998 6.5,helado cono deleite do pinos 75 g 7998 6.5,Yes,
1655,helado coronado caf con leche 14 gl,helado coronado caf con leche 14 gl,Yes,
1656,helado coronado natilla fresa 14gl desc25 %,helado coronado natilla fresa 14gl desc25 %,Yes,
1657,helado crema chip do pinos 12 galn 9503 16,helado crema chip do pinos 12 galn 9503 16,Yes,
1659,helado crema chip do pinos 272 g 9732 10,helado crema chip do pinos 272 g 9732 10,Yes,
1661,helado crema do pinos 131 g 9817 9.2,helado crema chip do pinos 131 g 9824 9.2,Yes,
1661,helado crema do pinos 131 g 9817 9.2,helado crema do pinos 131 g 9817 9.2,Yes,
1662,helado crema do pinos 499 g 9626 12.4,helado caramelo do pinos 499 g 9671 12.4,Yes,
1662,helado crema do pinos 499 g 9626 12.4,helado caramelo do pinos 499 gr,Yes,
1662,helado crema do pinos 499 g 9626 12.4,helado combinado do pinos 499 g 9619 12.4,Yes,
1662,helado crema do pinos 499 g 9626 12.4,helado crema chip do pinos 499 g 9633 12.4,Yes,
1662,helado crema do pinos 499 g 9626 12.4,helado crema do pinos 499 g 9626 12.4,Yes,
1663,helado cremoleta fresa do pinos 75 g 0141 2,helado cremoleta fresa do pinos 75 g 0141 2,Yes,
1664,helado cremoleta naranja pia do pinos 0158 2,helado cremoleta naranja pia do pinos 0158 2,Yes,
1665,helado cremoleta pia colada do pinos 75g 9884,helado cremoleta pia colada do pinos 75g 9884,Yes,
1666,helado delactomy do pinos 550 gr,helado delactomy do pinos 550 gr,Yes,
1667,helado delactomy vainilla do pinos 550 g 9596 11.7,helado delactomy vainilla do pinos 550 g 9596 11.7,Yes,
1668,helado deleite caramelo do pinos 14 gl 565 grs 2 x 3990,do pinos helado deleite caramelo do pinos 14 gl 565 grs,Yes,
1668,helado deleite caramelo do pinos 14 gl 565 grs 2 x 3990,helado deleite caramelo do pinos 14 gl 2 x 3990,Yes,
1668,helado deleite caramelo do pinos 14 gl 565 grs 2 x 3990,helado deleite caramelo do pinos 14 gl 565 grs 2 und x 3990,Yes,
1668,helado deleite caramelo do pinos 14 gl 565 grs 2 x 3990,helado deleite caramelo do pinos 14 gl 565 grs 2 und x 4190,Yes,
1668,helado deleite caramelo do pinos 14 gl 565 grs 2 x 3990,helado deleite caramelo do pinos 14 gl 565 grs 2 x 3990,Yes,
1670,helado deleite choco bigger do pinos 565 g 0554 12,helado deleite choco bigger do pinos 565 g 0554 12,Yes,
1671,helado deleite higo do pinos 565 g 0509 12,helado deleite higo do pinos 565 g 0509 12,Yes,
1673,helado deleite pie limn do pinos 555 g 3752 11.7,helado deleite pie limn do pinos 555 g 3752 11.7,Yes,
1674,helado do pinos cheesecake frutos silvestres 540g,helado do pinos cheesecake frutos silvestres 540g,Yes,
1675,helado do pinos chocolate 14 gl 499 grs 2x3990,do pinos helado combinado do pinos 14 gl 499 grs,Yes,
1675,helado do pinos chocolate 14 gl 499 grs 2x3990,do pinos helado do pinos chocochips 14 gl 499 grs,Yes,
1675,helado do pinos chocolate 14 gl 499 grs 2x3990,do pinos helado do pinos chocolate 14 gl 499 grs,Yes,
1675,helado do pinos chocolate 14 gl 499 grs 2x3990,helado combinado do pinos 14 gl 2 x 3990,Yes,
1675,helado do pinos chocolate 14 gl 499 grs 2x3990,helado combinado do pinos 14 gl 499 grs 2 x 3990,Yes,
1675,helado do pinos chocolate 14 gl 499 grs 2x3990,helado combinado do pinos 14 gl 499 grs 2 x 4190,Yes,
1675,helado do pinos chocolate 14 gl 499 grs 2x3990,helado do pinos chocochips 14 gl 2 x 3990,Yes,
1675,helado do pinos chocolate 14 gl 499 grs 2x3990,helado do pinos chocochips 14 gl 499 grs 2 und x 3990,Yes,
1675,helado do pinos chocolate 14 gl 499 grs 2x3990,helado do pinos chocochips 14 gl 499 grs 2 und x 4190,Yes,
1675,helado do pinos chocolate 14 gl 499 grs 2x3990,helado do pinos chocochips 14 gl 499 grs 2 x 4190,Yes,
1675,helado do pinos chocolate 14 gl 499 grs 2x3990,helado do pinos chocochips 14 gl 499 grs 2x3990,Yes,
1675,helado do pinos chocolate 14 gl 499 grs 2x3990,helado do pinos chocolate 14 gl 499 grs 2 x 3990,Yes,
1675,helado do pinos chocolate 14 gl 499 grs 2x3990,helado do pinos chocolate 14 gl 499 grs 2 x 4190,Yes,
1675,helado do pinos chocolate 14 gl 499 grs 2x3990,helado do pinos chocolate 14 gl 499 grs 2x3990,Yes,
1676,helado do pinos deleite naranja,helado do pinos deleite naranja,Yes,
1677,helado do pinos deleite naranja 565g,helado do pinos deleite naranja 565g,Yes,
1678,helado do pinos vainichip,helado do pinos vainichip,Yes,
1680,helado do pinos vainilla chip 1 pinta,helado do pinos vainilla chip 1 pinta,Yes,
1681,helado dulce leche deleite do pinos 14 gl 565 grs 2x3990,helado dulce leche deleite do pinos 14 gl 565 grs 2 und x 3990,Yes,
1681,helado dulce leche deleite do pinos 14 gl 565 grs 2x3990,helado dulce leche deleite do pinos 14 gl 565 grs 2 und x 4190,Yes,
1681,helado dulce leche deleite do pinos 14 gl 565 grs 2x3990,helado dulce leche deleite do pinos 14 gl 565 grs 2x3990,Yes,
1682,helado guayabita do pinos 14 gl 530 grs 2 x 4190,do pinos helado guayabita do pinos 14 gl 530 grs,Yes,
1682,helado guayabita do pinos 14 gl 530 grs 2 x 4190,helado guayabita do pinos 14 gl 530 grs 2 x 3990,Yes,
1682,helado guayabita do pinos 14 gl 530 grs 2 x 4190,helado guayabita do pinos 14 gl 530 grs 2 x 4190,Yes,
1683,helado guayabita do pinos 530 g 0942 12.3,helado guayabita do pinos 530 g 0942 12.3,Yes,
1684,helado krunchy crisp do pinos 75 g 9053 6.5,helado krunchy crisp do pinos 75 g 9053 6.5,Yes,
1685,helado krunchy do pinos 14 gl 500 grs 2 x 4190,do pinos helado krunchy do pinos 14 gl 500 grs,Yes,
1685,helado krunchy do pinos 14 gl 500 grs 2 x 4190,helado krunchy do pinos 14 gl 2 x 3990,Yes,
1685,helado krunchy do pinos 14 gl 500 grs 2 x 4190,helado krunchy do pinos 14 gl 500 grs 2 x 3990,Yes,
1685,helado krunchy do pinos 14 gl 500 grs 2 x 4190,helado krunchy do pinos 14 gl 500 grs 2 x 4190,Yes,
1686,helado krunchy do pinos 500 g 7851 12.3,helado krunchy do pinos 500 g 7851 12.3,Yes,
1687,helado krunchy torta chilena do pinos 1504 6.5,helado krunchy torta chilena do pinos 1504 6.5,Yes,
1688,helado milan menta do pinos 14 gl 540 grs 2 x 4190,do pinos helado milan menta do pinos 14 gl 540 grs,Yes,
1688,helado milan menta do pinos 14 gl 540 grs 2 x 4190,helado milan menta do pinos 14 gl 2 x 3990,Yes,
1688,helado milan menta do pinos 14 gl 540 grs 2 x 4190,helado milan menta do pinos 14 gl 540 grs 2 x 3990,Yes,
1688,helado milan menta do pinos 14 gl 540 grs 2 x 4190,helado milan menta do pinos 14 gl 540 grs 2 x 4190,Yes,
1691,helado mini sndwich galleta do pinos 48 g 1285 2.3,helado mini sndwich galleta do pinos 48 g 1285 2.3,Yes,
1693,helado mmmio barra do pinos 70 g 0684 2.5,helado mmmio barra do pinos 70 g 0684 2.5,Yes,
1694,helado paleta cero do pinos 75 g 0097 3,helado paleta cero do pinos 75 g 0097 3,Yes,
1695,helado paleta choco snack do pinos 0493 2.5,helado paleta choco snack do pinos 0493 2.5,Yes,
1696,helado paleta chocobigger do pinos 0660 3,helado paleta chocobigger do pinos 0660 3,Yes,
1697,helado paleta corazn do pinos 65 g 8887 3,helado paleta corazn do pinos 65 g 8887 3,Yes,
1698,helado paleta parejita chocolate do pinos 0240 2,helado paleta parejita chocolate do pinos 0240 2,Yes,
1699,helado paleta yogurt in line do pinos 50 g 0431 3,helado paleta yogurt in line do pinos 50 g 0431 3,Yes,
1700,helado queque tajada do pinos 100 g 0035 2.7,helado queque tajada do pinos 100 g 0035 2.7,Yes,
1702,helado sundae do pinos 110 g 0288 9,helado sundae do pinos 110 g 0288 9,Yes,
1703,helado super cono do pinos 9107 6.5,helado super cono do pinos 9107 6.5,Yes,
1705,helado tapita do pinos 540 g 3981 12.5,helado tapita do pinos 540 g 3981 12.5,Yes,
1706,helado trits chocolate do pinos 100 g 9022 10,helado trits chocolate do pinos 100 g 9022 10,Yes,
1707,helado trits do pinos 14 gl 540 grs 2x3990,do pinos helado do pinos vainilla 14 gl 499 grs,Yes,
1707,helado trits do pinos 14 gl 540 grs 2x3990,do pinos helado tapita do pinos 14 gl 540 grs,Yes,
1707,helado trits do pinos 14 gl 540 grs 2x3990,do pinos helado trits do pinos 14 gl 540 grs,Yes,
1707,helado trits do pinos 14 gl 540 grs 2x3990,helado do pinos vainilla 14 gl 499 grs 2 und x 3990,Yes,
1707,helado trits do pinos 14 gl 540 grs 2x3990,helado do pinos vainilla 14 gl 499 grs 2 und x 4190,Yes,
1707,helado trits do pinos 14 gl 540 grs 2x3990,helado do pinos vainilla 14 gl 499 grs 2x3990,Yes,
1707,helado trits do pinos 14 gl 540 grs 2x3990,helado tapita do pinos 14 gl 540 grs 2 und x 3990,Yes,
1707,helado trits do pinos 14 gl 540 grs 2x3990,helado tapita do pinos 14 gl 540 grs 2 und x 4190,Yes,
1707,helado trits do pinos 14 gl 540 grs 2x3990,helado tapita do pinos 14 gl 540 grs 2x3990,Yes,
1707,helado trits do pinos 14 gl 540 grs 2x3990,helado trits do pinos 14 gl 540 grs 2 und x 3990,Yes,
1707,helado trits do pinos 14 gl 540 grs 2x3990,helado trits do pinos 14 gl 540 grs 2 und x 4190,Yes,
1707,helado trits do pinos 14 gl 540 grs 2x3990,helado trits do pinos 14 gl 540 grs 2 x 4190,Yes,
1707,helado trits do pinos 14 gl 540 grs 2x3990,helado trits do pinos 14 gl 540 grs 2x3990,Yes,
1708,helado trits do pinos 3 pack 300 g 9039 9,helado trits do pinos 3 pack 300 g 9039 9,Yes,
1709,helado trits do pinos 540 g 8680 11.8,helado trits do pinos 540 g 8680 11.8,Yes,
1712,helado veteado chocolate do pinos 499 gr,helado veteado chocolate do pinos 499 gr,Yes,
1784,jack mejitos 300 gr dip cebolla do pinos,jack mejitos 300 gr dip cebolla do pinos,Yes,
1813,jockey chocolate leche gallito 45 g 8412,jockey chocolate gallito 45 g 8511,Yes,
1813,jockey chocolate leche gallito 45 g 8412,jockey chocolate leche gallito 45 g 8412,Yes,
1835,jugo 100 % natural manzana do pinos 250 ml 0010 4,do pinos jugo 100 % natural manzana 250 gr,Yes,
1835,jugo 100 % natural manzana do pinos 250 ml 0010 4,jugo 100 % natural manzana do pinos 1 l 0065 7.2,Yes,
1835,jugo 100 % natural manzana do pinos 250 ml 0010 4,jugo 100 % natural manzana do pinos 250 ml 0010 4,Yes,
1836,jugo de manzana 100 % do pinos 250 ml,jugo de manzana 100 % do pinos 250 ml,Yes,
1838,jugo de naranja do pinos 2.1 litro,jugo de naranja do pinos 2.1 litro,Yes,
1839,jugo de naranja do pinos litro jugo de naranja do pinos litro,jugo de naranja do pinos litro jugo de naranja do pinos litro,Yes,
1840,jugo de naranja zanahoria do pinos 1 l 9144 7,jugo de naranja zanahoria do pinos 1 l 9144 7,Yes,
1841,jugo de naranja zanahoria do pinos 1.8 l 9281 10,jugo de naranja zanahoria do pinos 1.8 l 9281 10,Yes,
1842,jugo do pinos naranja 100 % 1800ml,jugo do pinos naranja 100 %,Yes,
1842,jugo do pinos naranja 100 % 1800ml,jugo do pinos naranja 100 % 1800ml,Yes,
1843,jugo do pinos naranja gable,jugo do pinos naranja gable,Yes,
1844,jugo manzanamorajengibre do pinos 946 ml 7286 7.7,jugo manzanamorajengibre do pinos 946 ml 7286 7.7,Yes,
1848,jugo naranja do pinos 18l pp,jugo naranja do pinos 18l pp,Yes,
1849,jugo naranja do pinos 2.2 l 4447 11,jugo naranja do pinos 2.2 l 4447 11,Yes,
1850,jugo naranja do pinos 500 ml 9038 7,jugo naranja do pinos 250 ml pp 9021 7,Yes,
1850,jugo naranja do pinos 500 ml 9038 7,jugo naranja do pinos 250 ml tb 9014 4,Yes,
1850,jugo naranja do pinos 500 ml 9038 7,jugo naranja do pinos 500 ml 9038 7,Yes,
1851,jugo naranja fibra do pinos 1 l tb 8963 7.2,jugo naranja do pinos 1 l pp 9045 7,Yes,
1851,jugo naranja fibra do pinos 1 l tb 8963 7.2,jugo naranja do pinos 1 l tb 9007 7.2,Yes,
1851,jugo naranja fibra do pinos 1 l tb 8963 7.2,jugo naranja fibra do pinos 1 l tb 8963 7.2,Yes,
1852,jugo naranja fibra do pinos 250 ml 8956 4,jugo naranja fibra do pinos 250 ml 8956 4,Yes,
1854,jugo narmaracgins do pinos 946 ml 7279 7.7,jugo narmaracgins do pinos 946 ml 7279 7.7,Yes,
1882,kombiglyze xr 5 1000 mg x 28 tabletas,kombiglyze xr 2.5 1000 mg x 28 tabletas,Yes,
1882,kombiglyze xr 5 1000 mg x 28 tabletas,kombiglyze xr 5 1000 mg x 28 tabletas,Yes,
1883,kombiglyze xr 5mg1000mg 28 comprimidos,kombiglyze xr 2.5mg1000mg 28 comprimidos,Yes,
1883,kombiglyze xr 5mg1000mg 28 comprimidos,kombiglyze xr 5mg1000mg 28 comprimidos,Yes,
1904,la estacin queque helado vete 1370 g do p. te verde 2.5 l do p. te melocotn cero 2.5 l plu 17132,la estacin queque helado vete 1370 g do p. te verde 2.5 l do p. te melocotn cero 2.5 l f4 17071,Yes,
1904,la estacin queque helado vete 1370 g do p. te verde 2.5 l do p. te melocotn cero 2.5 l plu 17132,la estacin queque helado vete 1370 g do p. te verde 2.5 l do p. te melocotn cero 2.5 l plu 17132,Yes,
1905,la estacin te deleita,la estacin te deleita,Yes,
2462,la estación queque caja 760 g,queque la estacin 760 gr,No,
2462,la estación queque caja 760 g,queque mediano la estacin 760 g,No,
2462,la estación queque caja 760 g,queque mediano la estacin 760 gr,No,
1928,lactocrema do pinos 115 g 2510 3.5,lactocrema do pinos 115 g 2510 3.5,Yes,
1929,lactocrema do pinos barra,lactocrema do pinos barra,Yes,
1946,leche azul tb do pinos 1 l 1064 7.2,leche azul tb do pinos 1 l 1064 7.2,Yes,
1947,leche con avena do pinos 250 ml 3173 4.2,do pinos leche con avena uht 3.5 % 250 ml,Yes,
1947,leche con avena do pinos 250 ml 3173 4.2,leche con avena do pinos 250 ml 3173 4.2,Yes,
1950,leche delactomy do pinos 250 ml 1149 4.2,leche delactomy do pinos 250 ml 1149 4.2,Yes,
1953,leche delactomy fresa do pinos 250 ml leche delactomy fresa do pinos 250 ml,leche delactomy fresa do pinos 250 ml leche delactomy fresa do pinos 250 ml,Yes,
1959,leche do pinos azul uht,leche do pinos azul uht,Yes,
1960,leche do pinos delactomy,leche do pinos delactomy,Yes,
1961,leche do pinos descrdelac,leche do pinos descrdelac,Yes,
1962,leche do pinos descremada polvo,leche do pinos descremada polvo,Yes,
1963,leche do pinos homogenizad,leche do pinos homogenizad,Yes,
1964,leche do pinos homogenizad 3800ml,leche do pinos homogenizad 3800ml,Yes,
1966,leche evaporada do pinos 250 ml 0814 4.2,leche evaporada do pinos 250 ml 0814 4.2,Yes,
1967,leche pasteurizada galon 3.78 litros do pinos,leche pasteurizada galon 3.78 litros do pinos,Yes,
1969,leche pinito lquida do pinos 1 l 1118 7.2,leche pinito lquida do pinos 1 l 1118 7.2,Yes,
1970,leche protena do pinos 1 l 6142 7.2,leche protena do pinos 1 l 6142 7.2,Yes,
1971,leche protena do pinos 250 ml 9181,leche protena do pinos 250 ml 9181,Yes,
2021,mantequilla do pinos 115 g 5048 3.5,mantequilla do pinos 115 g 5048 3.5,Yes,
2022,mantequilla do pinos barra caja,mantequilla do pinos barra caja,Yes,
2023,mantequilla do pinos barra unidad,mantequilla do pinos barra unidad,Yes,
2024,mantequilla do pinos con sal 4 pack desc 15 %,mantequilla do pinos con sal 4 pack desc 15 %,Yes,
2025,mantequilla lactocrema do pinos 115g,mantequilla lactocrema do pinos 115g,Yes,
2027,mantequilla sin sal do pinos 115 g 4980 3.5,mantequilla sin sal do pinos 115 g 4980 3.5,Yes,
2043,mar sol sangra tinta 750 ml gallito chocolate morenito 200 g f4 16947,mar sol sangra tinta 750 ml gallito chocolate morenito 200 g f4 16947,Yes,
2114,muga anden de la estacin 750 ml 25 % desc,muga anden de la estacin 750 ml 25 % desc,Yes,
2116,na chocolate corazones chocolate gallito 100 g 2434,chocolate corazones chocolate gallito 100 g 2434 3.7,Yes,
2116,na chocolate corazones chocolate gallito 100 g 2434,na chocolate corazones chocolate gallito 100 g 2434,Yes,
2124,natilla bienestar la granja do pinos 300 grs,do pinos natilla bienestar la granja do pinos 300 grs,Yes,
2124,natilla bienestar la granja do pinos 300 grs,do pinos natilla la granja do pinos 300 grs,Yes,
2124,natilla bienestar la granja do pinos 300 grs,do pinos natilla la granja do pinos 400 grs,Yes,
2124,natilla bienestar la granja do pinos 300 grs,do pinos natilla la granja do pinos c sal 300 grs,Yes,
2124,natilla bienestar la granja do pinos 300 grs,natilla bienestar la granja do pinos 300 grs,Yes,
2125,natilla con sal zarcero 115 g 5732 2,natilla con sal zarcero 115 g 5732 2,Yes,
2127,natilla delactomy dp do pinos 400 g 4996 7,do pinos natilla delactomy 400 gr,Yes,
2127,natilla delactomy dp do pinos 400 g 4996 7,natilla delactomy dp do pinos 400 g 4996 7,Yes,
2128,natilla do pinos la granja,natilla do pinos la granja,Yes,
2130,natilla la granja do pinos 115 g 8704 2,natilla la granja do pinos 115 g 8704 2,Yes,
2132,natilla la granja do pinos c sal 300 grs natilla la granja do pinos c sal 300 grs,natilla la granja do pinos c sal 300 grs natilla la granja do pinos c sal 300 grs,Yes,
2134,natilla la granja dp do pinos 400 g 8575 6.5,natilla la granja dp do pinos 400 g 8575 6.5,Yes,
2135,natilla liviana do pinos 220 cc 8513 9.5,natilla liviana do pinos 220 cc 8513 9.5,Yes,
2137,natilla zarcero con sal 750 gr cgrapa descuento 40 %,natilla zarcero con sal 750 gr cgrapa descuento 40 %,Yes,
2138,natilla zarcero dp 400 g 1031 6,natilla zarcero dp 400 g 1031 6,Yes,
2150,nctar coronado 6 pack 180 ml desc 10 %,nctar coronado 6 pack 180 ml desc 10 %,Yes,
2151,nctar do pinos 6 pack 200 ml desc 20 %,nctar do pinos 6 pack 200 ml desc 20 %,Yes,
2152,nctar mango do pinos tb 1 l 3189 7,nctar mango do pinos tb 1 l 3189 7,Yes,
2153,nctar manzana do pinos 1 l 3059 7,nctar manzana do pinos 1 l 3059 7,Yes,
2154,nctar manzana do pinos 200 ml 3240 3.6,nctar manzana do pinos 200 ml 3240 3.6,Yes,
2155,nctar melocotn do pinos 1 l 3080 7,nctar melocotn do pinos 1 l 3080 7,Yes,
2156,nctar melocotn do pinos 200 ml 3257 3.6,nctar melocotn do pinos 200 ml 3257 3.6,Yes,
2157,nctar mixto frutas do pinos 1 l 3066 7,nctar mixto frutas do pinos 1 l 3066 7,Yes,
2158,nctar mixto frutas do pinos 200 ml 3264 3.6,nctar mixto frutas do pinos 200 ml 3264 3.6,Yes,
2159,nctar mixto in line do pinos 1 l 3226,nctar mixto in line do pinos 1 l 3226,Yes,
2160,nctar mixto in line do pinos 200 ml 3356,nctar mixto in line do pinos 200 ml 3356,Yes,
2161,nctar pera do pinos 1 l 3042 7,nctar pera do pinos 1 l 3042 7,Yes,
2162,nctar pera do pinos 200 ml 3271 3.6,nctar pera do pinos 200 ml 3271 3.6,Yes,
2163,nctar surtido coronado 180 ml 6 pack,nctar surtido coronado 180 ml 6 pack,Yes,
2178,nexium 20 mg tabletas via oral caja con 14 unidades,nexium 20 mg tabletas via oral caja con 14 unidades,Yes,
2179,nexium 20 mg tabletas via oral venta unitaria,nexium 20 mg tabletas via oral venta unitaria,Yes,
2180,nexium 20 mg x 28 comprimidos,nexium 20 mg x 28 comprimidos,Yes,
2181,nexium 40 mg tabletas via oral caja con 28 unidades,nexium 40 mg tabletas via oral caja con 28 unidades,Yes,
2185,nexium iv 40 mg solucion inyectable,nexium iv 40 mg solucion inyectable,Yes,
2295,pastel explosion chocolate helado combinado do pinos 14 gl 499 grs gaseosa pepsi 2.5 lts barquillo chocolate jack 65 grs pastel explosion chocolate helado combinado do pinos 14 gl 499 grs gaseosa pepsi 2.5 lts barquillo chocolate jack 65 grs,pastel explosion chocolate helado combinado do pinos 14 gl 499 grs gaseosa pepsi 2.5 lts barquillo chocolate jack 65 grs pastel explosion chocolate helado combinado do pinos 14 gl 499 grs gaseosa pepsi 2.5 lts barquillo chocolate jack 65 grs,Yes,
2296,pastel rectangular break mujer helado combinado do pinos 14 gl 499 grs gaseosa pepsi 2.5 lts barquillo chocolate jack 65 grs pastel rectangular break mujer helado combinado do pinos 14 gl 499 grs gaseosa pepsi 2.5 lts barquillo chocolate jack 65 grs,pastel rectangular break mujer helado combinado do pinos 14 gl 499 grs gaseosa pepsi 2.5 lts barquillo chocolate jack 65 grs pastel rectangular break mujer helado combinado do pinos 14 gl 499 grs gaseosa pepsi 2.5 lts barquillo chocolate jack 65 grs,Yes,
2410,precio especial do pinos disfruta te frio blanco 3 lt,precio especial do pinos disfruta te frio blanco 3 lt,Yes,
2411,precio especial do pinos disfruta te frio melocoton 3 lt,precio especial do pinos disfruta te frio melocoton 3 lt,Yes,
2412,precio especial queso turrialba do pinos 500 grs,precio especial queso turrialba do pinos 500 grs,Yes,
2413,precio especial t do pinos 3litros variedad,precio especial t do pinos 3litros variedad,Yes,
2436,promocin leche calcio do pinos,promocin leche calcio do pinos,Yes,
2442,pulmicort suspension nebulizador ampolla 2 ml sobre x 5 suspensin para inhalacin por nebulizador,pulmicort suspension nebulizador ampolla 2 ml sobre x 5 suspensin para inhalacin por nebulizador,Yes,
2451,queque helado trits la estacin 1345 gr,queque helado trits la estacin 1345 g 8771,Yes,
2451,queque helado trits la estacin 1345 gr,queque helado trits la estacin 1345 gr,Yes,
2452,queque helado veteado la estacin 1370 gr,queque helado veteado la estacin 1370 g 8757,Yes,
2452,queque helado veteado la estacin 1370 gr,queque helado veteado la estacin 1370 gr,Yes,
2453,queque la estacin 1290 gr desc 20 %,queque la estacin 1290 gr desc 20 %,Yes,
2454,queque la estacin 1370 gr,queque la estacin 1370 gr,Yes,
2455,queque la estacin 1370g desc 20 %,queque la estacin 1370g desc 20 %,Yes,
2456,queque la estacin 1370g t melocotn cero 2.5l desc 10 %,queque la estacin 1370g t melocotn cero 2.5l desc 10 %,Yes,
2458,queque la estacin 760 grs cotuba 2l gratis,queque la estacin 760 gr cotuba 2l gratis,Yes,
2458,queque la estacin 760 grs cotuba 2l gratis,queque la estacin 760 grs cotuba 2l gratis,Yes,
2460,queque la estacin desc 20 %,20 % off queque la estacin 1370g,Yes,
2460,queque la estacin desc 20 %,queque la estacin desc 20 %,Yes,
2461,queque la estacion 1370 gr t melocotn cero 2.5 lt,queque la estacion 1370 gr t melocotn cero 2.5 lt,Yes,
2463,queque mediano la estacin 760g t melocotn cero 2.5l,queque la estacin 760g t melocotn cero 2.5l,Yes,
2463,queque mediano la estacin 760g t melocotn cero 2.5l,queque mediano la estacin 760g t melocotn cero 2.5l,Yes,
2464,queque pequeo la estacion t melocotn cero 2.5 lt,queque pequeo la estacion t melocotn cero 2.5 lt,Yes,
2468,queso cottage do pinos 310 g 5512 12,queso cottage do pinos 310 g 5512 12,Yes,
2470,queso crema do pinos 100 g 6069 7.9,queso crema do pinos 100 g 6069 7.9,Yes,
2472,queso crema do pinos 210 gr desc 20 %,queso crema do pinos 210 gr desc 20 %,Yes,
2473,queso crema do pinos 350 g 7370 10,queso crema do pinos 350 g 7370 10,Yes,
2474,queso crema in line do pinos 210 g 7400 10.3,queso crema in line do pinos 210 g 7400 10.3,Yes,
2476,queso crema original do pinos 210 grs queso crema original do pinos 210 grs,queso crema original do pinos 210 grs queso crema original do pinos 210 grs,Yes,
2478,queso crema zarcero 210 g 1864 10.3,queso crema zarcero 210 g 1864 10.3,Yes,
2479,queso cremoso do pinos 500 grs,do pinos queso cremoso do pinos 500 grs,Yes,
2479,queso cremoso do pinos 500 grs,queso cremoso do pinos 500 grs,Yes,
2480,queso do pinos pizero,queso do pinos pizero,Yes,
2481,queso do pinos pizero 225g,queso do pinos pizero 225g,Yes,
2482,queso do pinos turrialba,queso do pinos turrialba,Yes,
2484,queso gouda do pinos 200 g 5574 3,queso gouda do pinos 200 g 5574 3,Yes,
2485,queso montino do pinos 400 g 8948 2.7,queso montino do pinos 400 g 8948 2.7,Yes,
2486,queso mozzarella rallado do pinos 225 g 6419 2,do pinos queso rallado mozzarella 225 gr,Yes,
2486,queso mozzarella rallado do pinos 225 g 6419 2,queso mozzarella rallado do pinos 225 g 6419 2,Yes,
2488,queso procesado do pinos 12 uds,queso procesado do pinos 12 uds,Yes,
2489,queso procesado do pinos 12 unds 192 grs und,queso procesado do pinos 12 unds 192 grs und,Yes,
2490,queso procesado do pinos 8 unid 128 grs und,queso procesado do pinos 8 unid 128 grs und,Yes,
2491,queso procesado do pinos 8unidades,queso procesado do pinos 8unidades,Yes,
2492,queso procesado in line do pinos 12 uds 5406 3,queso procesado in line do pinos 12 uds 5406 3,Yes,
2493,queso procesado rebanado do pinos 12 uds 5901 3,queso procesado rebanado do pinos 12 uds 5901 3,Yes,
2494,queso rico rebanado do pinos 140 g 5765 2.8,queso rico rebanado do pinos 140 g 5765 2.8,Yes,
2495,queso semiduro zarcero 300 g 3189 2.6,queso semiduro zarcero 300 g 3189 2.6,Yes,
2496,queso tico rebanado do pinos 12 uds 9786 3.5,queso tico rebanado do pinos 12 uds 9786 3.5,Yes,
2497,queso turrialba delactomy do pinos 300 g 6319 3,queso turrialba delactomy do pinos 300 g 6319 3,Yes,
2499,queso zarcero palmito 300g,queso zarcero palmito 300 gr,Yes,
2499,queso zarcero palmito 300g,queso zarcero palmito 300g,Yes,
2535,rompope coronado navidad 1 lt,rompope coronado navidad 1 lt,Yes,
2536,rompope do pinos 1 l 3005 7.2,rompope do pinos 1 l 3005 7.2,Yes,
2537,rompope do pinos 1 l ammm queque de navidad 440 g f4 13543,rompope do pinos 1 l ammm queque de navidad 440 g f4 13543,Yes,
2538,rompope do pinos 250 ml 3012 4.2,rompope do pinos 250 ml 3012 4.2,Yes,
2539,rompope do pinos 250 ml ammm queque navideo 220 g f4 16957,rompope do pinos 250 ml ammm queque navideo 220 g f4 16957,Yes,
2540,rompope do pinos choco whisky 1l 6646,rompope do pinos choco whisky 1l 6646,Yes,
2721,symbicort rapihaler 80 mg4.5 mg 120 inhalaciones,symbicort rapihaler 80 mg4.5 mg 120 inhalaciones,Yes,
2722,symbicort turb 320mcg9mcg 60 dosis inhalador via oral caja con 1 unidad,symbicort turb 320mcg9mcg 60 dosis inhalador via oral caja con 1 unidad,Yes,
2723,symbicort turb inh 1604.5mcg x60 dosis caja con 1 unidad,symbicort turb inh 1604.5mcg x60 dosis caja con 1 unidad,Yes,
2724,symbicort turbuhaler 160 4.5 mcg x 120 dosis,symbicort turbuhaler 160 4.5 mcg x 120 dosis,Yes,
2725,symbicort turbuhaler 320 9 mcg,symbicort turbuhaler 320 9 mcg,Yes,
2726,symbicort turbuhaler 320 9 mcg caja x 1 polvo para inhalacin,symbicort turbuhaler 320 9 mcg caja x 1 polvo para inhalacin,Yes,
2727,symbicort turbuhaler 80 4.5 mcg caja x 1 polvo para inhalacin,symbicort turbuhaler 80 4.5 mcg caja x 1 polvo para inhalacin,Yes,
2728,symbicort turbuhaler 80 mg4.5 mcg 60 dosis,symbicort turbuhaler 80 mg4.5 mcg 60 dosis,Yes,
2730,t azul sanda meln do pinos 2.2 l 0538,t azul sanda meln do pinos 2.2 l 0538,Yes,
2731,t azul sanda meln do pinos 500 ml 6198,t azul sanda meln do pinos 500 ml 6198,Yes,
2733,t blanco fibra activa do pinos 2.2 l 4682,t blanco fibra activa do pinos 2.2 l 4682,Yes,
2734,t blanco fibra activa do pinos 500 ml 4675,t blanco fibra activa do pinos 500 ml 4675,Yes,
2735,t con limn do pinos 3 litros,t con limn do pinos 3 litros,Yes,
2737,t do pinos melocotn botella 500 ml,t do pinos melocotn botella 500 ml,Yes,
2738,t fro melocotn do pinos 500 ml 8376,t fro limn do pinos 500 ml 8369,Yes,
2738,t fro melocotn do pinos 500 ml 8376,t fro melocotn do pinos 500 ml 8376,Yes,
2739,t rojo arndano do pinos 2.2 l 4514,t rojo arndano do pinos 2.2 l 4514,Yes,
2740,t rojo arndano do pinos 500 ml 4033,t rojo arndano do pinos 500 ml 4033,Yes,
2741,t verde antioxidante do pinos 2.2 l 4834,t verde antioxidante do pinos 2.2 l 4834,Yes,
2742,t verde antioxidante do pinos 500 ml 1741,t verde antioxidante do pinos 500 ml 1741,Yes,
2757,te frio limon 1 litro do pinos,te frio limon 1 litro do pinos,Yes,
2758,te frio ma blanco 3 litros do pinos,te frio ma blanco 3 litros do pinos,Yes,
2759,te frio ma melocoton 3 litros do pinos,te frio ma melocoton 3 litros do pinos,Yes,
2760,te fro de melocotn do pinos 3l,te fro de melocotn do pinos 3l,Yes,
2761,te fro limn do pinos 2.2 l 4552,te fro limn do pinos 2.2 l 4552,Yes,
2762,te fro melocotn do pinos 2.2 l 4569,te fro melocotn do pinos 2.2 l 4569,Yes,
2763,te negro do pinos carbon activado 500ml,te negro do pinos carbon activado 500ml,Yes,
2806,trapiche malbec 750 ml gallito organic almendra 120 g f4 16948,trapiche malbec 750 ml gallito organic almendra 120 g f4 16948,Yes,
2892,un helado do pinos chocochips 14 gl 499 grsun pastello caramelle y vainilla breakuna botella gaseosa pepsi cola 2.5 ltsun paq barquillo chocolate popular jack 65 grs,un helado combinado do pinos 14 gl 499 grsun pastel explosion de chocolateuna botella gaseosa pepsi cola 2.5 ltsun paq barquillo chocolate popular jack 65 grs,Yes,
2892,un helado do pinos chocochips 14 gl 499 grsun pastello caramelle y vainilla breakuna botella gaseosa pepsi cola 2.5 ltsun paq barquillo chocolate popular jack 65 grs,un helado combinado do pinos 14 gl 499 grsun pastel rectangular break mujeruna botella gaseosa pepsi cola 2.5 ltsun paq barquillo chocolate popular jack 65 grs,Yes,
2892,un helado do pinos chocochips 14 gl 499 grsun pastello caramelle y vainilla breakuna botella gaseosa pepsi cola 2.5 ltsun paq barquillo chocolate popular jack 65 grs,un helado combinado do pinos 14 gl 499 grsun pastello caramelle y vainilla breakuna botella gaseosa pepsi cola 2.5 ltsun paq barquillo chocolate popular jack 65 grs,Yes,
2892,un helado do pinos chocochips 14 gl 499 grsun pastello caramelle y vainilla breakuna botella gaseosa pepsi cola 2.5 ltsun paq barquillo chocolate popular jack 65 grs,un helado do pinos chocochips 14 gl 499 grsun pastel explosion de chocolateuna botella gaseosa pepsi cola 2.5 ltsun paq barquillo chocolate popular jack 65 grs,Yes,
2892,un helado do pinos chocochips 14 gl 499 grsun pastello caramelle y vainilla breakuna botella gaseosa pepsi cola 2.5 ltsun paq barquillo chocolate popular jack 65 grs,un helado do pinos chocochips 14 gl 499 grsun pastel rectangular break mujeruna botella gaseosa pepsi cola 2.5 ltsun paq barquillo chocolate popular jack 65 grs,Yes,
2892,un helado do pinos chocochips 14 gl 499 grsun pastello caramelle y vainilla breakuna botella gaseosa pepsi cola 2.5 ltsun paq barquillo chocolate popular jack 65 grs,un helado do pinos chocochips 14 gl 499 grsun pastello caramelle y vainilla breakuna botella gaseosa pepsi cola 2.5 ltsun paq barquillo chocolate popular jack 65 grs,Yes,
2893,un kilo huevos do pan pia simple 5 unidades un litro jugo de naranja do pinos,do pan pia c queso 5 unidades un kg de huevos un jugo de naranja do pinos litro,Yes,
2893,un kilo huevos do pan pia simple 5 unidades un litro jugo de naranja do pinos,do pan pia simple 5 unidades un kg de huevos un jugo de naranja do pinos litro,Yes,
2893,un kilo huevos do pan pia simple 5 unidades un litro jugo de naranja do pinos,un kilo huevos do pan pia c queso 5 unidades un litro jugo de naranja do pinos,Yes,
2893,un kilo huevos do pan pia simple 5 unidades un litro jugo de naranja do pinos,un kilo huevos do pan pia simple 5 unidades un litro jugo de naranja do pinos,Yes,
2894,un paq pan cuadrado integral musi 450 grs una mantequilla light do pinos 210 grs,un paq pan cuadrado integral musi 450 grs una mantequilla light do pinos 210 grs,Yes,
2895,una botella vino tinto frontera merlot 1.5 ltsun dip cebolla francesa do pinos 230 grsun paq tortilla mejitos jack 175 grs,una botella vino tinto frontera merlot 1.5 ltsun dip cebolla francesa do pinos 230 grsun paq tortilla mejitos jack 175 grs,Yes,
2948,xigduo xr 10 mg 1000 mg x 30 comprimidos caja x 30 tableta de liberacin prolongada,xigduo xr 10 mg 1000 mg x 30 comprimidos caja x 30 tableta de liberacin prolongada,Yes,
2949,xigduo xr 5mg1000mg30 comprimidos,xigduo xr 5mg1000mg30 comprimidos,Yes,
2952,yogurt arndanos do pinos 200 ml 2047 5,yogurt arndanos do pinos 200 ml 2047 5,Yes,
2953,yogurt arndanos in line do pinos 750 ml 3968 7.5,yogurt arndanos in line do pinos 750 ml 3968 7.5,Yes,
2954,yogurt biobalance ciruela do pinos 200 ml 3105 5,do pinos yogurt biobalance ciruela 200 ml,Yes,
2954,yogurt biobalance ciruela do pinos 200 ml 3105 5,do pinos yogurt biobalance fresa 200 ml,Yes,
2954,yogurt biobalance ciruela do pinos 200 ml 3105 5,yogurt biobalance ciruela do pinos 200 ml 3105,Yes,
2954,yogurt biobalance ciruela do pinos 200 ml 3105 5,yogurt biobalance ciruela do pinos 200 ml 3105 5,Yes,
2955,yogurt con topping do pinos 4x3 2978 10,yogurt con topping do pinos 4x3 2978 10,Yes,
2956,yogurt delactomy arndanos do pinos 200 ml 4330 5,yogurt delactomy arndanos do pinos 200 ml 4330 5,Yes,
2958,yogurt do pinos in li arandano,yogurt do pinos in li arandano,Yes,
2959,yogurt do pinos top arroz 4pack,yogurt do pinos top arroz 4pack,Yes,
2960,yogurt do pinos trad natural,yogurt do pinos trad natural,Yes,
2961,yogurt fresa c topping chocolate do pinos 170 grs yogurt fresa c topping chocolate do pinos 170 grs,yogurt fresa c topping chocolate do pinos 170 grs yogurt fresa c topping chocolate do pinos 170 grs,Yes,
2963,yogurt fresa lquido coronado 1000 g 6806 7,yogurt fresa lquido coronado 1000 g 6806 7,Yes,
2964,yogurt fresa topping arroz do pinos 150 g 1811 10,yogurt fresa topping arroz do pinos 150 g 1811 10,Yes,
2965,yogurt fresaarroz lula do pinos 118 g 9571 8,yogurt fresaarroz lula do pinos 118 g 9571 8,Yes,
2967,yogurt griego coco do pinos 200 ml 9990 5.2,yogurt griego coco do pinos 200 ml 9990 5.2,Yes,
2968,yogurt griego fresa banano do pinos 200 ml 0002 5.2,yogurt griego fresa banano do pinos 200 ml 0002 5.2,Yes,
2969,yogurt griego piamora do pinos 200 g 7613 9.8,yogurt griego piamora do pinos 200 g 7613 9.8,Yes,
2970,yogurt griego pitahaya do pinos 200 g 1214,yogurt griego pitahaya do pinos 200 g 1214,Yes,
2971,yogurt griego pitahaya do pinos 20g,yogurt griego pitahaya do pinos 20g,Yes,
2973,yogurt in line c topping arandanos do pinos,do pinos yogurt in line c topping arandanos do pinos,Yes,
2973,yogurt in line c topping arandanos do pinos,yogurt in line c topping arandanos do pinos,Yes,
2975,yogurt in line fresa do pinos 750 ml 2764 7.5,yogurt in line fresa do pinos 750 ml 2764 7.5,Yes,
2977,yogurt topping con arndanos do pinos 150g 1750 10,yogurt topping con arndanos do pinos 150g 1750 10,Yes,
2978,yogurt topping guayabita do pinos 170 g 0118 10,yogurt topping guayabita do pinos 170 g 0118 10,Yes,
2990,zarcero natilla 300 g,natilla zarcero 300 g 3042 4,No,
2994,zarcero natilla liviana con sal bolsa 500 g,do pinos natilla con sal liviana zarcero 500 grs,No,
2994,zarcero natilla liviana con sal bolsa 500 g,natilla con sal zarcero 300 g 5848 2,No,
2994,zarcero natilla liviana con sal bolsa 500 g,natilla con sal zarcero 500 g 5725 5,No,
2997,zarcero queso fresco 300 g,queso fresco zarcero 500 g 8405 5,No,
3002,zarcero queso turrialba empaque 500 g,queso zarcero turrialba 500 gr,No,
